Workbook

Sheet Master Competitor Matrix
A1: Competitor Name | B1: Trading Name | C1: Category | D1: Address | E1: Locality | F1: Contact Number | G1: Source Link | H1: Relevant Categories | I1: Product Overlap | J1: Competitor Type | K1: Include / Exclude / Hold | L1: Seeds | M1: Fertilizers | N1: Pesticides | O1: Sprayers | P1: Tools | Q1: Irrigation | R1: Urban Gardening | S1: Terrace Farming | T1: Organic/Bio Inputs | U1: Accessories | V1: Product Portfolio Depth | W1: Google Listing | X1: Google Rating | Y1: Google Reviews | Z1: Google Photos | AA1: Business Hours | AB1: Website | AC1: Website Type | AD1: Website Mobile Friendly | AE1: IndiaMART | AF1: Justdial | AG1: TradeIndia | AH1: Sulekha | AI1: Facebook | AJ1: Instagram | AK1: LinkedIn | AL1: YouTube Channel | AM1: YouTube Subscribers | AN1: YouTube Content Type | AO1: YouTube Videos | AP1: Last Upload | AQ1: Average Views | AR1: WhatsApp Business | AS1: WhatsApp Catalogue | AT1: Amazon | AU1: Flipkart | AV1: Website Pricing Visible | AW1: Website Enquiry Form | AX1: Website Cart/Payment | AY1: Content Strategy | AZ1: Service Model | BA1: Review Sentiment | BB1: Innovation | BC1: Threat Score | BD1: Threat Classification | BE1: Opportunity for Dharati Dhan | BF1: Evidence / Source Notes
A2: Priya Agrico | B2: Priya Agrico | C2: Agricultural Product Wholesaler | D2: Shop No 1-2, LG, Priya Agrico, near SBI Kutchery, Ahirtoli, Ranchi, Jharkhand 834001 | E2: Ahirtoli | F2: 09431338877 / 9431335577 | G2: https://maps.app.goo.gl/uDhjbAgTPSph5JvX7 | H2: Seeds, Pesticides, Sprayers, Machinery, Fertilizers, Gardening Items, Nursery Items, Pest Control | I2: High | J2: Direct Competitor | K2: Include | L2: Yes | M2: Yes | N2: Yes | O2: Yes | P2: Yes | Q2: No | R2: Yes | S2: Yes | T2: Yes | U2: Yes | V2: Broad | W2: Yes | X2: 4.5 | Y2: 125 | Z2: Yes | AA2: Approx. 9 hrs/day; exact open-close timing not verified | AB2: https://www.priyaagrico.com/ | AC2: Informational Website | AD2: Yes | AE2: Yes | AF2: Yes | AG2: No | AH2: Not Found | AI2: https://www.facebook.com/PRIYAAGRICO/ | AJ2: https://www.instagram.com/priyaagrico/ | AK2: Not Found | AL2: https://www.youtube.com/@priyaagrico7763 | AM2: 4 | AN2: Promotional | AO2: 15 | AP2: 46036 | AQ2: 23 | AR2: Yes | AS2: Not Found | AT2: Not Found | AU2: Not Found | AV2: No | AW2: Yes | AX2: No | AY2: Product showcase, product categories, brand promotion, farming inputs, featured products, company information | AZ2: Not Found | BA2: Not Found | BB2: Not Found | BC2: 65 | BD2: Strong Competitor | BE2: Deep product portfolio but lacks a WhatsApp catalogue or functional e-commerce cart. We can exploit this gap by offering seamless online ordering, transparent pricing, and farm-gate delivery. | BF2: Google rating 4.5 confirmed; verified product lines include seeds, pesticides, fertilizers, sprayers, foggers, gardening tools and farm machinery. Facebook, Justdial, IndiaMART and official website visibility available.
A3: Agro Vision | B3: Agro Vision | C3: Agricultural machinery manufacturer | D3: Prasad Sadan, Purulia Road, Ranchi, Jharkhand 834001 | E3: Purulia Road | F3: 09334726481 / 9905698822 | G3: https://maps.app.goo.gl/Pre4MhswH2C7MGK38 | H3: Agriculture equipment, Farm implements, Agricultural tools and hand tools, Ancillary agriculture equipment and accessories | I3: Low | J3: Indirect Competitor | K3: Include | L3: No | M3: No | N3: No | O3: No | P3: Yes | Q3: No | R3: No | S3: No | T3: No | U3: Yes | V3: Narrow | W3: Yes | X3: 4.6 | Y3: 5 | Z3: Yes | AA3: Approx. 7 hrs/day; exact open-close timing not verified | AB3: http://www.agro-vision.in/ | AC3: Product Catalogue / Corporate Brochure | AD3: Yes | AE3: Yes | AF3: Yes | AG3: No | AH3: Not Found | AI3: Not Found | AJ3: Not Found | AK3: Not Found | AL3: Not Found | AM3: Not Found | AN3: Not Found | AO3: Not Found | AP3: Not Found | AQ3: Not Found | AR3: Yes | AS3: Not Found | AT3: Not Found | AU3: Not Found | AV3: No | AW3: Yes | AX3: No | AY3: Product catalogue, farm mechanization, agricultural equipment promotion | AZ3: Not Found | BA3: Not Found | BB3: Not Found | BC3: 40 | BD3: Moderate Competitor | BE3: Not Found | BF3: Justdial and ExportersIndia-style supplier visibility available; website has product catalogue and quote/request functionality but no cart or online checkout.
A4: Perfect Agro Solutions | B4: Perfect Agro Solutions | C4: Agricultural Seed Store | D4: vikas near Bank of india, near bank of india, Neuri Vikas, Neori, vikas, Jharkhand 835217 | E4: Neuri Vikas | F4: 7014838181 | G4: https://maps.app.goo.gl/afxL3WPaxhxBBpGbA | H4: Agricultural Equipment, Farm Machinery, Power Weeders, Seeds, Fertilizers, Pesticides | I4: High | J4: Direct Competitor | K4: Include | L4: Yes | M4: Yes | N4: Yes | O4: Yes | P4: Yes | Q4: Yes | R4: No | S4: No | T4: No | U4: Yes | V4: Broad | W4: Yes | X4: 4.9 | Y4: 13 | Z4: Yes | AA4: Open 24 hours / exact schedule not verified | AB4: Not Found | AC4: Not Found | AD4: Not Found | AE4: No | AF4: No | AG4: Yes | AH4: Not Found | AI4: https://www.facebook.com/perfectagrosolutions/ | AJ4: Not Found | AK4: Not Found | AL4: Not Found | AM4: Not Found | AN4: Not Found | AO4: Not Found | AP4: Not Found | AQ4: Not Found | AR4: Yes | AS4: Not Found | AT4: Not Found | AU4: Not Found | AV4: No | AW4: Not Applicable | AX4: Not Applicable | AY4: No active content channels identified | AZ4: Not Found | BA4: Not Found | BB4: Not Found | BC4: 45 | BD4: Moderate Competitor | BE4: Not Found | BF4: TradeIndia listing showing supplier profile and WhatsApp inquiry option.
A5: Dharti Dhan Agri Polyclinic | B5: Dharti Dhan Agri Polyclinic | C5: Farm equipment supplier | D5: Shop No. 07, Court Compound, Kutchery Chowk, Deputy Para, Ahirtoli, Ranchi, Jharkhand 834001 | E5: Ahirtoli | F5: 9304490030 | G5: https://maps.app.goo.gl/9syzviLo9aLedeid6 | H5: Sprayers, Irrigation products, Agricultural tools, Ancillary accessories | I5: Medium | J5: Direct Competitor | K5: Include | L5: No | M5: No | N5: No | O5: Yes | P5: Yes | Q5: Yes | R5: No | S5: No | T5: No | U5: Yes | V5: Medium | W5: Yes | X5: 4 | Y5: 56 | Z5: Yes | AA5: Approx. 8.5 hrs/day; exact open-close timing not verified | AB5: Not Found | AC5: Not Found | AD5: Not Found | AE5: Yes | AF5: Yes | AG5: Yes | AH5: Not Found | AI5: https://www.facebook.com/dhartidhan0/reels/ | AJ5: Not Found | AK5: Not Found | AL5: Not Found | AM5: Not Found | AN5: Not Found | AO5: Not Found | AP5: Not Found | AQ5: Not Found | AR5: Yes | AS5: Not Found | AT5: Not Found | AU5: Not Found | AV5: No | AW5: Not Applicable | AX5: Not Applicable | AY5: Directory listings, product promotion, business visibility through B2B platforms | AZ5: Not Found | BA5: Not Found | BB5: Not Found | BC5: 20 | BD5: Weak Competitor | BE5: Not Found | BF5: ExportersIndia product listings available.
A6: New Holland - Ritesh Agro | B6: New Holland - Ritesh Agro | C6: Tractor dealer | D6: Ground Floor, near Lala Lajpat Rai School, Lajpat Nagar, Jaganathpur, Pundag, Ranchi, Jharkhand 834004 | E6: Pundag | F6: 9731089654 | G6: https://maps.app.goo.gl/47uygaktcP2usXRU7 | H6: Farm Machinery, Agricultural Equipment (Tractors) | I6: Not Applicable | J6: Excluded | K6: Exclude | L6: No | M6: No | N6: No | O6: No | P6: No | Q6: No | R6: No | S6: No | T6: No | U6: No | V6: Not Applicable | W6: Yes | X6: 3.8 | Y6: 63 | Z6: Yes | AA6: Approx. 10 hrs/day; exact open-close timing not verified | AB6: Not Found | AC6: Not Found | AD6: Not Found | AE6: Yes | AF6: Yes | AG6: No | AH6: Not Found | AI6: Not Found | AJ6: Not Found | AK6: Not Found | AL6: Not Found | AM6: Not Found | AN6: Not Found | AO6: Not Found | AP6: Not Found | AQ6: Not Found | AR6: Yes | AS6: Not Found | AT6: Not Found | AU6: Not Found | AV6: No | AW6: Not Applicable | AX6: Not Applicable | AY6: No active Dharati Dhan-relevant content strategy identified | AZ6: Not Applicable | BA6: Not Applicable | BB6: Not Applicable | BC6: 0 | BD6: Excluded | BE6: Not Applicable | BF6: Exclude — tractor-only dealer; no verified Dharati Dhan-relevant sprayers, tools, irrigation, seeds, fertilizers, pesticides, urban gardening, terrace farming, or organic/bio input overlap.
A7: Jharkhand Agri Centre | B7: Jharkhand Agri Centre | C7: Agricultural Seed Store | D7: Shop no. 1, Dream Complex, Court compound, Kutchery Rd, Ahirtoli, Ranchi, Jharkhand 834001 | E7: Court compound | F7: 7992418435 | G7: https://www.justdial.com/Ranchi/Jharkhand-Agri-Centre-Opposite-To-Sbi-Bank-Circular-Road/0651PX651-X651-190701115537-U6Q8_BZDET | H7: Seeds, Fertilizers, Organic and bio inputs, Urban gardening products, Sprayers | I7: High | J7: Direct Competitor | K7: Include | L7: Yes | M7: Yes | N7: No | O7: Yes | P7: No | Q7: No | R7: Yes | S7: No | T7: Yes | U7: No | V7: Medium | W7: Yes | X7: 5 | Y7: 5 | Z7: Yes | AA7: Approx. 8 hrs/day; exact open-close timing not verified | AB7: Not Found | AC7: Not Found | AD7: Not Found | AE7: No | AF7: Yes | AG7: No | AH7: Not Found | AI7: Not Found | AJ7: Not Found | AK7: Not Found | AL7: Not Found | AM7: Not Found | AN7: Not Found | AO7: Not Found | AP7: Not Found | AQ7: Not Found | AR7: No | AS7: Not Found | AT7: Not Found | AU7: Not Found | AV7: No | AW7: Not Applicable | AX7: Not Applicable | AY7: No active content strategy identified | AZ7: Not Found | BA7: Not Found | BB7: Not Found | BC7: 35 | BD7: Weak Competitor | BE7: Not Found | BF7: Not found
A8: Neha Tractors | B8: Neha Tractors | C8: Tractor dealer | D8: Ratu Rd, near Bank of Baroda, Aryapuri, Indrapuri Colony, Ranchi, Jharkhand 834001 | E8: Aryapuri | F8: 9708640300 | G8: https://maps.app.goo.gl/t89xScoaymp3juDE6 | H8: Agriculture equipment, Farm implements, Ancillary agriculture equipment and accessories | I8: Low | J8: Low Relevance Competitor | K8: Include | L8: No | M8: No | N8: No | O8: No | P8: Yes | Q8: No | R8: No | S8: No | T8: No | U8: Yes | V8: Narrow | W8: Yes | X8: 3.8 | Y8: 58 | Z8: Yes | AA8: Approx. 9.5 hrs/day; exact open-close timing not verified | AB8: Not Found | AC8: Not Found | AD8: Not Found | AE8: No | AF8: Yes | AG8: No | AH8: Not Found | AI8: https://www.facebook.com/nehatractorsranchi/ | AJ8: https://www.instagram.com/nehatractors/ | AK8: Not Found | AL8: https://www.youtube.com/@nehatractors9687 | AM8: 4.4K | AN8: Agricultural information | AO8: 126 | AP8: 45991 | AQ8: 177K | AR8: No | AS8: Not Found | AT8: Not Found | AU8: Not Found | AV8: No | AW8: Not Applicable | AX8: Not Applicable | AY8: Facebook/Instagram/YouTube visibility for tractor parts, implements, accessories, and machinery promotion | AZ8: Limited tractor dealership/service support; direct Dharati Dhan-type input retail not verified | BA8: Moderate Google rating; narrow product relevance | BB8: Low — tractor/implements-linked visibility only; no verified seeds, fertilizers, pesticides, sprayers, irrigation, or gardening product strength | BC8: 25 | BD8: Weak Competitor | BE8: Low-priority monitoring; Dharati Dhan can differentiate through consumable agri-inputs, sprayers, irrigation accessories, WhatsApp catalogue, and local advisory service | BF8: Retained as low relevance competitor because farm implements/accessories overlap appears possible; no independent working website verified.
A9: Hi Tech Tractor | B9: Hi Tech Tractor | C9: Tractor dealer | D9: 45, Garikhana, Harmu Bypass Road, Near SHYAM MANDIR, M- 9934107861, Ranchi, Jharkhand 834001 | E9: Harmu Bypass Road | F9: 7979016639 | G9: https://maps.app.goo.gl/UjvFENZSvNSGLCTr6 | H9: Agriculture equipment, Farm implements, Ancillary agriculture equipment and accessories | I9: Low | J9: Low Relevance Competitor | K9: Include | L9: No | M9: No | N9: No | O9: No | P9: Yes | Q9: No | R9: No | S9: No | T9: No | U9: Yes | V9: Narrow | W9: Yes | X9: 4.5 | Y9: 28 | Z9: Yes | AA9: Approx. 8.5 hrs/day; exact open-close timing not verified | AB9: Not Found | AC9: Not Found | AD9: Not Found | AE9: Yes | AF9: Yes | AG9: No | AH9: Not Found | AI9: https://www.facebook.com/hitechjohndeere/ | AJ9: https://www.instagram.com/hitechtractors45/ | AK9: Not Found | AL9: Not Found | AM9: Not Found | AN9: Not Found | AO9: Not Found | AP9: Not Found | AQ9: Not Found | AR9: Yes | AS9: Not Found | AT9: Not Found | AU9: Not Found | AV9: No | AW9: Not Applicable | AX9: Not Applicable | AY9: Facebook/Instagram visibility for tractor demos, dealership promotion, machinery, and implement-related content | AZ9: Limited dealership/service support; direct Dharati Dhan-type agri-input retail not verified | BA9: Good Google rating; narrow agriculture input overlap | BB9: Low to moderate — tractor/implements-linked competitor with platform visibility but no verified independent e-commerce | BC9: 45 | BD9: Moderate Competitor | BE9: Monitor as an implements-linked competitor; Dharati Dhan can differentiate through consumable agri-inputs, sprayers, irrigation accessories, transparent pricing, and WhatsApp catalogue | BF9: IndiaMART and Justdial listings available; no independent working website/e-commerce verified. Retained as low relevance competitor due to possible implements/accessories overlap.
A10: Mahindra Tractors - The Republic Pvt Ltd | B10: Mahindra Tractors - The Republic Pvt Ltd | C10: Tractor dealer | D10: Ranchi Hazaribagh Road, opposite Reliance Fresh, Upper Bazar, Ranchi, Jharkhand 834009 | E10: Upper Bazar | F10: 9334111045 / 08037014299 | G10: https://maps.app.goo.gl/8AkYp7zWV17CaWAC8 | H10: Agriculture equipment, Farm implements, Rotary Tillers, Ploughs, Tractors | I10: Low | J10: Low Relevance Competitor | K10: Include | L10: No | M10: No | N10: No | O10: No | P10: Yes | Q10: No | R10: No | S10: No | T10: No | U10: Yes | V10: Narrow | W10: Yes | X10: 4.5 | Y10: 49 | Z10: Yes | AA10: Approx. 9 hrs/day; exact open-close timing not verified | AB10: https://dealer.mahindratractor.com/mahindra-tractors/tractor-showroom-in-ranchi/tractor-showroom-in-upper-bazar/mahindra-tractors-the-republic-private-limited-in-upper-bazar-ranchi--b8038398-f304-4cb2-ac94-47a92ccb46e6/home | AC10: Official Brand Dealer Page | AD10: Yes | AE10: Yes | AF10: Yes | AG10: No | AH10: Not Found | AI10: https://www.facebook.com/TheRepublicPrivateLimited/ | AJ10: Not Found | AK10: Not Found | AL10: Not Found | AM10: Not Found | AN10: Not Found | AO10: Not Found | AP10: Not Found | AQ10: Not Found | AR10: Not Found | AS10: Not Found | AT10: Not Found | AU10: Not Found | AV10: No | AW10: Yes | AX10: No | AY10: Official Mahindra dealer page, tractor/farm-equipment showroom listing, request-a-call lead generation, dealer/Facebook brand promotion | AZ10: Authorised Mahindra tractor dealership; tractor and implements-linked sales/service; direct Dharati Dhan-type input retail not verified | BA10: Good public rating and brand trust, but product overlap is limited to tractors/farm implements | BB10: Low to moderate — strong brand/dealer presence but no verified e-commerce/cart or consumable agri-input catalogue | BC10: 50 | BD10: Moderate Competitor | BE10: Focuses mainly on tractors and heavy farm equipment; Dharati Dhan can compete in fast-moving seeds, fertilizers, pesticides, sprayers, irrigation accessories, WhatsApp catalogue, and local advisory service | BF10: Official Mahindra dealer page confirms authorised The Republic Private Limited showroom in Upper Bazar/Ranchi with Hazaribagh Road address, request-a-call function and phone 08037014299; Facebook page confirms Mahindra dealership presence. Retained as moderate low-relevance competitor because overlap is limited to tractors/farm implements rather than Dharati Dhan core agri inputs.
A11: M.B. Pumps & Machinery | B11: M.B. Pumps & Machinery | C11: Fire protection equipment supplier | D11: D-252, Church Rd, Lower Bazaar, Ranchi, Jharkhand 834001 | E11: Lower Bazaar | F11: 8709653276 | G11: https://www.justdial.com/Ranchi/M-B-Pumps-Machinery-Lower-Bazar/0651PX651-X651-220521210759-A7P7_BZDET | H11: Irrigation products: drip, sprinkler, pipes, fittings, accessories, Agriculture equipment | I11: Low | J11: Low Relevance Competitor | K11: Include | L11: No | M11: No | N11: No | O11: No | P11: Yes | Q11: Yes | R11: No | S11: No | T11: No | U11: Yes | V11: Narrow | W11: Yes | X11: 4.8 | Y11: 86 | Z11: Yes | AA11: Approx. 9.5 hrs/day; exact open-close timing not verified | AB11: Not Found | AC11: Not Found | AD11: Not Found | AE11: Yes | AF11: Yes | AG11: No | AH11: Not Found | AI11: Not Found | AJ11: Not Found | AK11: Not Found | AL11: Not Found | AM11: Not Found | AN11: Not Found | AO11: Not Found | AP11: Not Found | AQ11: Not Found | AR11: Yes | AS11: Not Found | AT11: Not Found | AU11: Not Found | AV11: No | AW11: Not Applicable | AX11: Not Applicable | AY11: No active content strategy identified | AZ11: Not Found | BA11: Not Found | BB11: Not Found | BC11: 35 | BD11: Weak Competitor | BE11: Not Found | BF11: https://jsdl.in/DT-51PUVRLZSRH
A12: KV Sales & Marketing Pvt Ltd | B12: KV Sales & Marketing Pvt Ltd | C12: Fertilizer Store | D12: Sonamati Palace, Court Compound, near Hotel Sunraj Residency, Ranchi, Jharkhand 834001 | E12: Court Compound | F12: 9431114896 | G12: https://maps.app.goo.gl/VeqhdyH9sigYEWtw8 | H12: Fertilizers, Organic and Bio Inputs | I12: Low | J12: Direct Competitor | K12: Hold for Review | L12: No | M12: Yes | N12: No | O12: No | P12: No | Q12: No | R12: No | S12: No | T12: Yes | U12: No | V12: Narrow | W12: Yes | X12: 4.8 | Y12: 10 | Z12: Yes | AA12: Not Found | AB12: Not Found | AC12: Not Found | AD12: Not Found | AE12: No | AF12: Yes | AG12: No | AH12: Not Found | AI12: Not Found | AJ12: Not Found | AK12: Not Found | AL12: Not Found | AM12: Not Found | AN12: Not Found | AO12: Not Found | AP12: Not Found | AQ12: Not Found | AR12: Not Found | AS12: Not Found | AT12: Not Found | AU12: Not Found | AV12: Not Found | AW12: Not Applicable | AX12: Not Applicable | AY12: Not Applicable | AZ12: Not Found | BA12: Not Found | BB12: Not Found | BC12: 25 | BD12: Weak Competitor | BE12: Monitor operational status; potential to acquire local fertilizer customers if outlet remains inactive. | BF12: Google Maps verified; MCA/GST company records found; Justdial listing (Closed Down); no website/social media; operational status not independently verified.
A13: Eicher Tractors Dealerships - Bharat Agencies | B13: Eicher Tractors Dealerships - Bharat Agencies | C13: Tractor dealer | D13: Bagicha, Tilta Opp. Tender, Kathitand, Ratu, Ranchi, Jharkhand 835222 | E13: Kathitand | F13: 8040138164 | G13: https://maps.app.goo.gl/dKriBHuvxPGhyP2j6 | H13: Agriculture equipment, Farm implements, Heavy Cultivators | I13: Low | J13: Low Relevance Competitor | K13: Include | L13: No | M13: No | N13: No | O13: No | P13: Yes | Q13: No | R13: No | S13: No | T13: No | U13: Yes | V13: Narrow | W13: Yes | X13: 3.5 | Y13: 5 | Z13: Yes | AA13: Approx. 13 hrs/day; exact open-close timing not verified | AB13: Not Found | AC13: Not Found | AD13: Not Found | AE13: Yes | AF13: Yes | AG13: No | AH13: Not Found | AI13: Not Found | AJ13: Not Found | AK13: Not Found | AL13: Not Found | AM13: Not Found | AN13: Not Found | AO13: Not Found | AP13: Not Found | AQ13: Not Found | AR13: No | AS13: Not Found | AT13: Not Found | AU13: Not Found | AV13: No | AW13: Not Applicable | AX13: Not Applicable | AY13: Tractor dealership and implements-linked visibility through listing platforms; no independent digital content strategy verified | AZ13: Limited tractor dealership/service support; direct agri-input retail not verified | BA13: Low review volume; weak public sentiment base | BB13: Low — tractor/implements-linked relevance only; no verified seeds, fertilizers, pesticides, sprayers, irrigation, or gardening product strength | BC13: 20 | BD13: Weak Competitor | BE13: Low-priority monitoring; Dharati Dhan can differentiate through daily-use agri inputs, sprayers, irrigation accessories, local advisory, and faster retail service | BF13: Justdial/IndiaMART-type listing visibility available; no independent working website/e-commerce verified. Retained as low relevance competitor only due to possible implements/accessories overlap.
A14: Green Centre | B14: Green Centre | C14: Agricultural Seed Store | D14: COURT COMPOUND, 1.R.I.T COMPLEX, Kutchery Chowk, opp. Hotel Raj Residence, Ahirtoli, Ranchi, Jharkhand 834001 | E14: Court Compound | F14: 08401431146 / 9523172717 | G14: https://maps.app.goo.gl/sXvzGzm7aHzHm3Um7 | H14: Seeds, Fertilizers, Pesticides, herbicides, fungicides, crop protection products | I14: Medium | J14: Direct Competitor | K14: Include | L14: Yes | M14: Yes | N14: Yes | O14: No | P14: No | Q14: No | R14: No | S14: No | T14: No | U14: No | V14: Narrow | W14: Yes | X14: 3.7 | Y14: 19 | Z14: Yes | AA14: Opens at 09:30 AM; closing not verified | AB14: Not Found | AC14: Not Found | AD14: Not Found | AE14: No | AF14: Yes | AG14: No | AH14: Not Found | AI14: https://www.facebook.com/greencentre.in/ | AJ14: Not Found | AK14: Not Found | AL14: Not Found | AM14: Not Found | AN14: Not Found | AO14: Not Found | AP14: Not Found | AQ14: Not Found | AR14: Yes | AS14: Not Found | AT14: Not Found | AU14: Not Found | AV14: No | AW14: Not Applicable | AX14: Not Applicable | AY14: Justdial and Facebook visibility for agricultural inputs; no verified website or e-commerce content | AZ14: Retail agricultural input shop; customer enquiry through Justdial/WhatsApp | BA14: Limited public review data; moderate local trust based on Google rating | BB14: Low — traditional agri-input retail; no verified e-commerce/catalogue innovation | BC14: 25 | BD14: Weak Competitor | BE14: Opportunity to beat through verified website, WhatsApp catalogue, transparent pricing, and seasonal product bundles | BF14: Justdial confirms Green Centre at 1 RIT Complex, Kutchery Chowk with contact 08401431146 and opening time 09:30 AM; Facebook page confirms agricultural inputs/agricultural service presence with phone 9523172717. No working website/e-commerce verified.
A15: Unitech Enterprises, Ranchi | B15: Unitech Enterprises, Ranchi | C15: Safety equipment supplier | D15: Lower Bazaar, Ranchi, Jharkhand 834001 | E15: Lower Bazaar | F15: 6203921907 / 07765950063 | G15: https://jsdl.in/DT-51QAIM26YAE | H15: Agriculture equipment, Farm implements, Agricultural tools and hand tools, Irrigation products: drip, sprinkler, pipes, fittings, accessories | I15: Medium | J15: Low Relevance Competitor | K15: Include | L15: No | M15: No | N15: No | O15: Yes | P15: Yes | Q15: Yes | R15: No | S15: No | T15: No | U15: Yes | V15: Medium | W15: Yes | X15: 4.9 | Y15: 103 | Z15: Yes | AA15: Approx. 10 hrs/day; exact open-close timing not verified | AB15: Not Found | AC15: Not Found | AD15: Not Found | AE15: Yes | AF15: Yes | AG15: No | AH15: Not Found | AI15: Not Found | AJ15: Not Found | AK15: Not Found | AL15: Not Found | AM15: Not Found | AN15: Not Found | AO15: Not Found | AP15: Not Found | AQ15: Not Found | AR15: Yes | AS15: Not Found | AT15: Not Found | AU15: Not Found | AV15: No | AW15: Not Applicable | AX15: Not Applicable | AY15: Product listings, supplier profile, business enquiries, agricultural products promotion | AZ15: Not Found | BA15: Not Found | BB15: Not Found | BC15: 40 | BD15: Moderate Competitor | BE15: Not Found | BF15: https://jsdl.in/DT-51QAIM26YAE
A16: DURGA BEEJ BHANDAR | B16: DURGA BEEJ BHANDAR | C16: Farm equipment supplier | D16: Ranchi Patratu Ramgarh Rd, Sutiambe, Jharkhand 834006 | E16: Sutiambe | F16: 9709197904 / 9709567108 | G16: https://ram726.github.io/DBB/ | H16: Seeds, Fertilizers, Pesticides, Organic and bio inputs, Agricultural equipment | I16: High | J16: Direct Competitor | K16: Include | L16: Yes | M16: Yes | N16: Yes | O16: Yes | P16: No | Q16: No | R16: No | S16: No | T16: Yes | U16: No | V16: Medium | W16: Yes | X16: 4.9 | Y16: 37 | Z16: Yes | AA16: Approx. 13.5 hrs/day; exact open-close timing not verified | AB16: https://ram726.github.io/DBB/ | AC16: Product Catalogue Website | AD16: Yes | AE16: No | AF16: Yes | AG16: No | AH16: Not Found | AI16: Not Found | AJ16: Not Found | AK16: Not Found | AL16: Not Found | AM16: Not Found | AN16: Not Found | AO16: Not Found | AP16: Not Found | AQ16: Not Found | AR16: Yes | AS16: Not Found | AT16: Not Found | AU16: Not Found | AV16: No | AW16: Yes | AX16: No | AY16: Product catalogue, seed promotion, agricultural products showcase, customer enquiries | AZ16: Not Found | BA16: Not Found | BB16: Not Found | BC16: 35 | BD16: Weak Competitor | BE16: Not Found | BF16: https://jsdl.in/DT-51XU6XGZ7PX
A17: N.B. Enterprises | B17: N.B. Enterprises | C17: Tractor dealer | D17: TILTA (NEAR RING ROAD CHOWK, Ratu, Ranchi, Jharkhand 834004 | E17: Tilta | F17: 8102914904 | G17: https://maps.app.goo.gl/upkV8yjYkeQK9XpT9 | H17: Agriculture equipment, Farm implements, Ancillary agriculture equipment | I17: Low | J17: Low Relevance Competitor | K17: Include | L17: No | M17: No | N17: No | O17: No | P17: Yes | Q17: No | R17: No | S17: No | T17: No | U17: Yes | V17: Narrow | W17: Yes | X17: 4 | Y17: 18 | Z17: Yes | AA17: Approx. 10 hrs/day; exact open-close timing not verified | AB17: Not Found | AC17: Not Found | AD17: Not Found | AE17: Yes | AF17: Yes | AG17: No | AH17: Not Found | AI17: Not Found | AJ17: Not Found | AK17: Not Found | AL17: Not Found | AM17: Not Found | AN17: Not Found | AO17: Not Found | AP17: Not Found | AQ17: Not Found | AR17: Yes | AS17: Not Found | AT17: Not Found | AU17: Not Found | AV17: No | AW17: Not Applicable | AX17: Not Applicable | AY17: Business listing, tractor sales, equipment enquiries, dealership promotion | AZ17: Not Found | BA17: Not Found | BB17: Not Found | BC17: 15 | BD17: Low Relevance | BE17: Not Found | BF17: IndiaMART and Justdial listings available; limited agriculture equipment/tractor accessory overlap only, so retained as low relevance competitor.
A18: Swaraj Tractors - M/S Kanishk Automobile | B18: Swaraj Tractors - M/S Kanishk Automobile | C18: Tractor dealer | D18: Plot No 546, Tilta, Chowk, Ratu Rd, beside Palm Resort, Kamre, Ranchi, Jharkhand 835222 | E18: Kamre | F18: 8071325800 | G18: https://maps.app.goo.gl/kccKD3XDu9q4AVFU8 | H18: Agriculture equipment, Farm implements, Ancillary agriculture equipment and accessories | I18: Low | J18: Low Relevance Competitor | K18: Include | L18: No | M18: No | N18: No | O18: No | P18: Yes | Q18: No | R18: No | S18: No | T18: No | U18: Yes | V18: Narrow | W18: Yes | X18: 4.9 | Y18: 93 | Z18: Yes | AA18: Approx. 10 hrs/day; exact open-close timing not verified | AB18: Not Found | AC18: Not Found | AD18: Not Found | AE18: No | AF18: Yes | AG18: No | AH18: Not Found | AI18: Not Found | AJ18: Not Found | AK18: Not Found | AL18: Not Found | AM18: Not Found | AN18: Not Found | AO18: Not Found | AP18: Not Found | AQ18: Not Found | AR18: Yes | AS18: Not Found | AT18: Not Found | AU18: Not Found | AV18: No | AW18: Not Applicable | AX18: Not Applicable | AY18: Tractor dealership promotion and customer enquiries through listing platforms; no independent website or e-commerce verified | AZ18: Limited dealership/service support; direct agri-input retail not verified | BA18: Good Google rating but narrow product relevance | BB18: Low — tractor/implements-linked visibility only; no verified consumable agri-input or digital commerce strength | BC18: 20 | BD18: Weak Competitor | BE18: Low-priority monitoring; Dharati Dhan can differentiate through seeds, fertilizers, pesticides, sprayers, irrigation accessories, WhatsApp catalogue, and faster retail service | BF18: Justdial listing available; no independent website/e-commerce verified. Retained as low relevance competitor only because limited farm implements/accessories overlap appears possible.
A19: Trackstar Tractor Showroom | B19: Trackstar Tractor Showroom | C19: Tractor dealer | D19: Ratu Rd, Kamre, Jharkhand 835222 | E19: Kamre | F19: 7765999431 | G19: https://maps.app.goo.gl/XPF4Ta4SPVdHjPrM8 | H19: Agriculture equipment, Farm implements, Ancillary agriculture equipment and accessories | I19: Low | J19: Low Relevance Competitor | K19: Include | L19: No | M19: No | N19: No | O19: No | P19: Yes | Q19: No | R19: No | S19: No | T19: No | U19: Yes | V19: Narrow | W19: Yes | X19: 4.8 | Y19: 11 | Z19: Yes | AA19: Approx. 10.5 hrs/day; exact open-close timing not verified | AB19: Not Found | AC19: Not Found | AD19: Not Found | AE19: No | AF19: Yes | AG19: No | AH19: Not Found | AI19: Not Found | AJ19: Not Found | AK19: Not Found | AL19: Not Found | AM19: Not Found | AN19: Not Found | AO19: Not Found | AP19: Not Found | AQ19: Not Found | AR19: Yes | AS19: Not Found | AT19: Not Found | AU19: Not Found | AV19: No | AW19: Not Applicable | AX19: Not Applicable | AY19: Tractor dealership promotion, customer enquiries, product information | AZ19: Not Found | BA19: Not Found | BB19: Not Found | BC19: 15 | BD19: Low Relevance | BE19: Not Found | BF19: https://jsdl.in/DT-51XG5TZYV1K
A20: Mushroom Spawn Ranchi | B20: Mushroom Spawn Ranchi | C20: Agricultural Seed Store | D20: Lalganj Village, Lalganj, Ranchi, Jharkhand 835217 | E20: Lalganj | F20: 8252473245 | G20: https://maps.app.goo.gl/JLCJVSwrZ5Z7kKzG6 | H20: Seeds, Organic and bio inputs | I20: Low | J20: Low Relevance Competitor | K20: Include | L20: Yes | M20: No | N20: No | O20: No | P20: No | Q20: No | R20: No | S20: No | T20: Yes | U20: No | V20: Narrow | W20: Yes | X20: 4.3 | Y20: 3 | Z20: Yes | AA20: Not Found | AB20: Not Found | AC20: Not Found | AD20: Not Found | AE20: Not Found | AF20: Not Found | AG20: Not Found | AH20: Not Found | AI20: Not Found | AJ20: Not Found | AK20: Not Found | AL20: Not Found | AM20: Not Found | AN20: Not Found | AO20: Not Found | AP20: Not Found | AQ20: Not Found | AR20: Not Found | AS20: Not Found | AT20: Not Found | AU20: Not Found | AV20: No | AW20: Not Applicable | AX20: Not Applicable | AY20: Directory/product-category visibility for mushroom spawn; no official website or social content verified | AZ20: Single-product mushroom spawn supply; direct phone enquiry possible but delivery/support not verified | BA20: Very limited review data; insufficient sentiment | BB20: Low — niche mushroom spawn product; no verified digital catalogue/e-commerce | BC20: 15 | BD20: Low Relevance | BE20: Low-priority niche opportunity; Dharati Dhan can consider mushroom/cultivation inputs only as an add-on category if local demand is observed | BF20: Google Maps listing verified; limited review data; no official website/social/e-commerce found; niche mushroom spawn category only.
A21: JOHN DEERE Tractors Showroom | B21: JOHN DEERE Tractors Showroom | C21: Tractor dealer | D21: Mtr South of Shani Mandir, Harmu Rd, Near Shayam Mandir, 200, Ranchi, Jharkhand 834001 | E21: Harmu Rd | F21: 9431114670 | G21: https://maps.app.goo.gl/eLbzdNZXbafx1PP97 | H21: Agriculture equipment, Farm implements, Ancillary agriculture equipment and accessories | I21: Low | J21: Low Relevance Competitor | K21: Include | L21: No | M21: No | N21: No | O21: No | P21: Yes | Q21: No | R21: No | S21: No | T21: No | U21: Yes | V21: Narrow | W21: Yes | X21: 3.5 | Y21: 55 | Z21: Yes | AA21: Approx. 11 hrs/day; exact open-close timing not verified | AB21: Not Found | AC21: Not Found | AD21: Not Found | AE21: No | AF21: Yes | AG21: Yes | AH21: Not Found | AI21: Not Found | AJ21: Not Found | AK21: Not Found | AL21: Not Found | AM21: Not Found | AN21: Not Found | AO21: Not Found | AP21: Not Found | AQ21: Not Found | AR21: Yes | AS21: Not Found | AT21: Not Found | AU21: Not Found | AV21: No | AW21: Not Applicable | AX21: Not Applicable | AY21: Tractor catalogue, product promotion, financing information, dealership services, customer enquiries | AZ21: Not Found | BA21: Not Found | BB21: Not Found | BC21: 20 | BD21: Weak Competitor | BE21: Not Found | BF21: https://jsdl.in/DT-51YNJSVU
A22: Nirmal Seeds Pvt Ltd, Ranchi | B22: Nirmal Seeds Pvt Ltd, Ranchi | C22: Agricultural Seed Store | D22: C/o. S.S.P. Sahu, Saparam, Nagri, Ranchi (Ring Road NH-23 Near Over Bridge, opposite Adiraj/Ramraj Cold Storage, Ranchi, Jharkhand 835303 | E22: Piska Nagri | F22: 0651-2521102 | G22: https://maps.app.goo.gl/caYsfMJks3GpqS9u7 | H22: Seeds, Organic and bio inputs | I22: Low | J22: Direct Competitor | K22: Include | L22: Yes | M22: No | N22: No | O22: No | P22: No | Q22: No | R22: No | S22: No | T22: Yes | U22: No | V22: Narrow | W22: Yes | X22: 4.5 | Y22: 14 | Z22: Yes | AA22: Approx. 8.5 hrs/day; exact open-close timing not verified | AB22: https://nirmalseedsindia.com/ | AC22: Official Company / Product Catalogue Website | AD22: Yes | AE22: No | AF22: Yes | AG22: No | AH22: Not Found | AI22: Not Found | AJ22: Not Found | AK22: https://www.linkedin.com/company/nirmal-seeds-india-pvt-ltd/ | AL22: Not Found | AM22: Not Found | AN22: Not Found | AO22: Not Found | AP22: Not Found | AQ22: Not Found | AR22: Yes | AS22: Not Found | AT22: Not Found | AU22: Not Found | AV22: No | AW22: Yes | AX22: No | AY22: Official seed and bio-input product catalogue, product performance content, company profile, regional office network, contact/WhatsApp-based enquiry visibility | AZ22: Company regional office/dealer network; seeds and bio-input supply; local retail/customer support not fully verified | BA22: Good local rating but low review count; limited customer sentiment base | BB22: Moderate — established seed company with R&D/bio-input catalogue, but no verified local e-commerce/cart | BC22: 35 | BD22: Weak Competitor | BE22: Dharati Dhan can compete through local availability, faster advisory, bundled agri-input kits, transparent retail pricing, and WhatsApp catalogue-based ordering | BF22: Official Nirmal Seeds website confirms seeds, bio-products, vegetable products, contact/WhatsApp visibility and Ranchi-Jharkhand regional office; Justdial/third-party listing confirms local Ranchi seed retailer presence and 4.5 rating. Retained as weak direct competitor due to narrow but relevant seeds/bio-input overlap.
A23: Beej Bhandar | B23: Beej Bhandar | C23: Agricultural Seed Store | D23: Kusai Colony, Ranchi, Jharkhand 834002 | E23: Kusai Colony | F23: 9955392046 | G23: https://maps.app.goo.gl/A1RDAeYcPAHg2XYF6 | H23: Seeds, Organic and bio inputs | I23: Low | J23: Direct Competitor | K23: Include | L23: Yes | M23: No | N23: No | O23: No | P23: No | Q23: No | R23: No | S23: No | T23: Yes | U23: No | V23: Narrow | W23: Yes | X23: 3.9 | Y23: 18 | Z23: Yes | AA23: Approx. 11 hrs/day; exact open-close timing not verified | AB23: Not Found | AC23: Not Found | AD23: Not Found | AE23: No | AF23: Yes | AG23: No | AH23: Not Found | AI23: Not Found | AJ23: Not Found | AK23: Not Found | AL23: Not Found | AM23: Not Found | AN23: Not Found | AO23: Not Found | AP23: Not Found | AQ23: Not Found | AR23: Yes | AS23: Not Found | AT23: Not Found | AU23: Not Found | AV23: No | AW23: Not Applicable | AX23: Not Applicable | AY23: Seed retailing, agricultural products promotion, customer enquiries | AZ23: Not Found | BA23: Not Found | BB23: Not Found | BC23: 15 | BD23: Low Relevance | BE23: Not Found | BF23: https://jsdl.in/DT-51CFD5UQICI
A24: Rootrees | B24: Rootrees | C24: Landscaping supply store | D24: kedia square, 203, Baralal St, Upper Bazar, Ranchi, Jharkhand 834001 | E24: Upper Bazar | F24: 9534061533 | G24: https://maps.app.goo.gl/5yLw5y6kHns5GH4Q7 | H24: Urban gardening products, Terrace gardening products, Grow bags, planters, potting mix, shade nets, mulch films | I24: Medium | J24: Direct Competitor | K24: Include | L24: No | M24: No | N24: No | O24: No | P24: No | Q24: No | R24: Yes | S24: Yes | T24: No | U24: Yes | V24: Narrow | W24: Yes | X24: 4.9 | Y24: 16 | Z24: Yes | AA24: Approx. 9 hrs/day; exact open-close timing not verified | AB24: Not Found | AC24: Not Found | AD24: Not Found | AE24: No | AF24: Yes | AG24: No | AH24: Not Found | AI24: Not Found | AJ24: https://www.instagram.com/rootrees/ | AK24: Not Found | AL24: Not Found | AM24: Not Found | AN24: Not Found | AO24: Not Found | AP24: Not Found | AQ24: Not Found | AR24: Yes | AS24: Not Found | AT24: Not Found | AU24: Not Found | AV24: No | AW24: Not Applicable | AX24: Not Applicable | AY24: Plant nursery promotion, landscaping products, customer enquiries, business directory presence | AZ24: Not Found | BA24: Not Found | BB24: Not Found | BC24: 45 | BD24: Moderate Competitor | BE24: Not Found | BF24: https://jsdl.in/DT-51VXKXRZENR
A25: Jharkhand Nursery | B25: Jharkhand Nursery | C25: Plant nursery | D25: Hehal Pawa Chowk, Hehal, Itki Rd, Ranchi, Jharkhand 834005 | E25: Hehal | F25: 8451806910 | G25: https://maps.app.goo.gl/JdGXHAo9PR8zxuWT7 | H25: Urban gardening products, Grow bags, planters, potting mix, shade nets, mulch films | I25: Low | J25: Direct Competitor | K25: Include | L25: No | M25: No | N25: No | O25: No | P25: No | Q25: No | R25: Yes | S25: No | T25: No | U25: Yes | V25: Narrow | W25: Yes | X25: 4.4 | Y25: 333 | Z25: Yes | AA25: Approx. 10.5 hrs/day; exact open-close timing not verified | AB25: https://jharkhandnursery.com/ | AC25: Product Catalogue Website | AD25: Yes | AE25: No | AF25: Yes | AG25: No | AH25: Not Found | AI25: https://www.facebook.com/profile.php?id=100091772888241 | AJ25: Not Found | AK25: https://www.linkedin.com/company/jharkhand-nursery/posts/?feedView=all | AL25: Not Found | AM25: Not Found | AN25: Not Found | AO25: Not Found | AP25: Not Found | AQ25: Not Found | AR25: Yes | AS25: Not Found | AT25: Not Found | AU25: Not Found | AV25: No | AW25: Yes | AX25: No | AY25: Plant catalogue, nursery products, wholesale and retail plants, landscaping and gardening promotion | AZ25: Not Found | BA25: Not Found | BB25: Not Found | BC25: 35 | BD25: Weak Competitor | BE25: Not Found | BF25: https://jsdl.in/DT-51E226UUEQM
A26: Baby Plant | B26: Baby Plant | C26: Plant nursery | D26: Bypass Rd, opposite Jharkhand furniture, Ashok Kunj, Ranchi, Jharkhand 834002 | E26: Bypass Rd | F26: 9304206996 | G26: https://maps.app.goo.gl/Qkh6At5KEFs3JGLJ9 | H26: Urban gardening products, Grow bags, planters, potting mix, shade nets, mulch films, Organic and bio inputs | I26: Medium | J26: Direct Competitor | K26: Include | L26: No | M26: No | N26: No | O26: No | P26: No | Q26: No | R26: Yes | S26: No | T26: Yes | U26: Yes | V26: Narrow | W26: Yes | X26: 4.9 | Y26: 103 | Z26: Yes | AA26: Approx. 13 hrs/day; exact open-close timing not verified | AB26: Not Found | AC26: Not Found | AD26: Not Found | AE26: No | AF26: No | AG26: No | AH26: Not Found | AI26: Not Found | AJ26: https://www.instagram.com/babyplant.in/ | AK26: Not Found | AL26: Not Found | AM26: Not Found | AN26: Not Found | AO26: Not Found | AP26: Not Found | AQ26: Not Found | AR26: Yes | AS26: Not Found | AT26: Not Found | AU26: Not Found | AV26: No | AW26: Not Applicable | AX26: Not Applicable | AY26: Plant nursery promotion, ornamental plants, gardening content, customer engagement through social media | AZ26: Not Found | BA26: Not Found | BB26: Not Found | BC26: 25 | BD26: Weak Competitor | BE26: Not Found | BF26: Not found
A27: kisan Mitro Enterprises | B27: kisan Mitro Enterprises | C27: Agricultural Product Wholesaler | D27: 9925+7C5, Samlong, Ranchi, Jharkhand 834010 | E27: Ashok Kunj | F27: 8863822833 | G27: https://maps.app.goo.gl/ZyEHf3scMN4jVq417?g_st=aw | H27: Agriculture equipment, Farm implements, Sprayers, Agricultural tools and hand tools, Ancillary agriculture equipment and accessories | I27: Medium | J27: Low Relevance Competitor | K27: Hold for Review | L27: No | M27: No | N27: Yes | O27: Yes | P27: No | Q27: No | R27: No | S27: No | T27: No | U27: Yes | V27: Medium | W27: Yes | X27: 2.8 | Y27: 6 | Z27: Yes | AA27: Approx. 8 hrs/day; exact open-close timing not verified | AB27: https://kisanmitro.shop/ | AC27: Product Catalogue / Enquiry-Based Website | AD27: Yes | AE27: Yes | AF27: Yes | AG27: No | AH27: Not Found | AI27: Not Found | AJ27: Not Found | AK27: Not Found | AL27: Not Found | AM27: Not Found | AN27: Not Found | AO27: Not Found | AP27: Not Found | AQ27: Not Found | AR27: Yes | AS27: Not Found | AT27: Not Found | AU27: Not Found | AV27: No | AW27: Yes | AX27: No | AY27: Agricultural equipment promotion, product showcase, farming solutions, lead generation, customer enquiries | AZ27: Not Found | BA27: Not Found | BB27: Not Found | BC27: 25 | BD27: Weak Competitor | BE27: Not Found | BF27: Hold for Review — relevant agriculture equipment, sprayers, tools, accessories, website, IndiaMART, and Justdial presence appear in the matrix, but product range and active customer-facing relevance should be manually verified before final inclusion.
A28: Balajee Sprayers | B28: Balajee Sprayers | C28: Farm equipment supplier | D28: Garikhana Chowk, Harmu Rd, near Punjab Bank, Ranchi, Jharkhand 834001 | E28: Harmu Rd | F28: 9263630448 | G28: https://maps.app.goo.gl/DsN9A9LpR3MPkagh6 | H28: Sprayers, Agricultural tools and hand tools, Ancillary agriculture equipment and accessories | I28: Medium | J28: Direct Competitor | K28: Include | L28: No | M28: No | N28: No | O28: Yes | P28: Yes | Q28: No | R28: No | S28: No | T28: No | U28: Yes | V28: Narrow | W28: Yes | X28: 4.1 | Y28: 59 | Z28: Yes | AA28: Approx. 10 hrs/day; exact open-close timing not verified | AB28: Not Found | AC28: Not Found | AD28: Not Found | AE28: Yes | AF28: Yes | AG28: No | AH28: Not Found | AI28: Not Found | AJ28: Not Found | AK28: Not Found | AL28: Not Found | AM28: Not Found | AN28: Not Found | AO28: Not Found | AP28: Not Found | AQ28: Not Found | AR28: Yes | AS28: Yes | AT28: Not Found | AU28: Not Found | AV28: No | AW28: Not Applicable | AX28: Not Applicable | AY28: Agricultural sprayers, PVC pipes, product catalogue, customer enquiries, business directory presence | AZ28: Not Found | BA28: Not Found | BB28: Not Found | BC28: 35 | BD28: Weak Competitor | BE28: Not Found | BF28: Not found
A29: Nishechan Inc | B29: Nishechan Inc | C29: Irrigation equipment supplier | D29: Gadhousir, Gargil chowk, Plot Number 715.722, Hasan St, Hosir, Jharkhand 834006 | E29: Hosir | F29: 9162681233 | G29: https://maps.app.goo.gl/ApwobwDb3qfiLCSXA | H29: Irrigation products: drip, sprinkler, pipes, fittings, accessories, Urban gardening products, Terrace gardening products, Sprayers, Accessories | I29: High | J29: Indirect Competitor | K29: Include | L29: No | M29: No | N29: No | O29: Yes | P29: Yes | Q29: Yes | R29: Yes | S29: Yes | T29: No | U29: Yes | V29: Medium | W29: Yes | X29: 5 | Y29: 15 | Z29: No | AA29: Approx. 9 hrs/day; exact open-close timing not verified | AB29: https://nishechan.com/ | AC29: Product Catalogue / Enquiry-Based Website | AD29: Yes | AE29: No | AF29: Yes | AG29: No | AH29: Not Found | AI29: Not Found | AJ29: Not Found | AK29: Not Found | AL29: Not Found | AM29: Not Found | AN29: Not Found | AO29: Not Found | AP29: Not Found | AQ29: Not Found | AR29: Yes | AS29: Not Found | AT29: Not Found | AU29: Not Found | AV29: No | AW29: Yes | AX29: No | AY29: Irrigation solutions, landscaping services, greenhouse systems, kitchen gardening, lead generation, company branding | AZ29: Not Found | BA29: Not Found | BB29: Not Found | BC29: 55 | BD29: Moderate Competitor | BE29: Strong irrigation presence but zero organic bio-input crossover. Opportunity to bundle our urban gardening tools and bio-fertilizers alongside their product lines. | BF29: Not found
A30: Pinky Khad Bij & Hardware Bhandar And Furniture dukaan | B30: Pinky Khad Bij & Hardware Bhandar And Furniture dukaan | C30: Agricultural Seed Store | D30: C7RV+PH4, Near Dena Bank, Kanke, Sukurhutu, Ranchi, Jharkhand 834006 | E30: Kanke | F30: 9006815715 | G30: https://maps.app.goo.gl/d7RWURocQgTbG7x2A | H30: Seeds, Fertilizers, Pesticides, Sprayers, Agricultural tools and hand tools, Ancillary agriculture equipment and accessories | I30: High | J30: Low Relevance Competitor | K30: Include | L30: Yes | M30: Yes | N30: Yes | O30: Yes | P30: Yes | Q30: No | R30: No | S30: No | T30: No | U30: Yes | V30: Medium | W30: Yes | X30: 4.4 | Y30: 13 | Z30: Yes | AA30: Approx. 13 hrs/day; exact open-close timing not verified | AB30: Not Found | AC30: Not Found | AD30: Not Found | AE30: No | AF30: No | AG30: No | AH30: Not Found | AI30: Not Found | AJ30: Not Found | AK30: Not Found | AL30: Not Found | AM30: Not Found | AN30: Not Found | AO30: Not Found | AP30: Not Found | AQ30: Not Found | AR30: Yes | AS30: Not Found | AT30: Not Found | AU30: Not Found | AV30: No | AW30: Not Applicable | AX30: Not Applicable | AY30: Agricultural inputs retailing, fertilizers and seeds promotion, hardware products, customer enquiries | AZ30: Not Found | BA30: Not Found | BB30: Not Found | BC30: 25 | BD30: Weak Competitor | BE30: Not Found | BF30: Verification note — Rural hybrid store selling certified seeds and tools alongside hardware and home furniture lines
A31: Sashanka Agro Tech Pvt. Ltd. | B31: Sashanka Agro Tech Pvt. Ltd. | C31: Corporate office | D31: 21/B, Harihar Singh Road, Morabadi, Ranchi, Jharkhand 834009 | E31: Morabadi | F31: 7070190905 | G31: https://maps.app.goo.gl/Xok85ZQMjfWnYKdAA | H31: Irrigation products: drip, sprinkler, pipes, fittings, accessories, Seeds, Urban gardening products, Terrace gardening products, Grow bags, planters, potting mix, shade nets, mulch films, Organic and bio inputs | I31: High | J31: Emerging Competitor | K31: Include | L31: Yes | M31: No | N31: No | O31: No | P31: No | Q31: Yes | R31: Yes | S31: Yes | T31: Yes | U31: Yes | V31: Medium | W31: Yes | X31: 4 | Y31: 131 | Z31: Yes | AA31: Approx. 8.5 hrs/day; exact open-close timing not verified | AB31: http://www.sashankaagrotech.com/ | AC31: Product Catalogue / Enquiry-Based Website | AD31: Yes | AE31: No | AF31: No | AG31: Yes | AH31: Not Found | AI31: Not Found | AJ31: Not Found | AK31: https://in.linkedin.com/company/sashanka-agro-tech-p-ltd | AL31: Not Found | AM31: Not Found | AN31: Not Found | AO31: Not Found | AP31: Not Found | AQ31: Not Found | AR31: Yes | AS31: Not Found | AT31: Not Found | AU31: Not Found | AV31: No | AW31: Yes | AX31: No | AY31: Greenhouse solutions, irrigation systems, organic farming, biotechnology products, agricultural infrastructure, lead generation | AZ31: Not Found | BA31: Not Found | BB31: Not Found | BC31: 50 | BD31: Moderate Competitor | BE31: Focuses heavily on large-scale commercial greenhouse construction and institutional biotechnology contracts. This leaves a massive service vacuum for independent retail farmers who need immediate, on-the-ground access to fast-moving consumable inputs, localized micro-irrigation replacements, and direct retail advisory. | BF31: Verification note — Corporate office specializing in large B2B greenhouse construction and biotech, but sells matching irrigation, grow bags, and nets
A32: SWASTIK SEEDS | B32: SWASTIK SEEDS | C32: Agricultural Product Wholesaler | D32: ROAD NO-1, RANI BAGICHA KATHITAND CHOWK, Ratu, Ranchi, Jharkhand 835222 | E32: Ratu | F32: Not Found | G32: https://maps.app.goo.gl/amnBTaTzvLtPtXuMA | H32: Seeds, Fertilizers, Pesticides, Organic and bio inputs | I32: Medium | J32: Direct Competitor | K32: Include | L32: Yes | M32: Yes | N32: Yes | O32: No | P32: No | Q32: No | R32: No | S32: No | T32: Yes | U32: No | V32: Medium | W32: Yes | X32: 5 | Y32: 16 | Z32: Yes | AA32: Approx. 7 hrs/day; exact open-close timing not verified | AB32: https://swastikseeds.com/ | AC32: Business Website | AD32: Yes | AE32: Yes | AF32: Yes | AG32: No | AH32: Not Found | AI32: Not Found | AJ32: Not Found | AK32: Not Found | AL32: Not Found | AM32: Not Found | AN32: Not Found | AO32: Not Found | AP32: Not Found | AQ32: Not Found | AR32: No | AS32: Not Found | AT32: Not Found | AU32: Not Found | AV32: Yes | AW32: Yes | AX32: Yes | AY32: Product-focused seed varieties, product catalogue, crop information, company profile | AZ32: Not Found | BA32: Not Found | BB32: Not Found | BC32: 35 | BD32: Weak Competitor | BE32: Not Found | BF32: Verification note — Website indicates corporate parent in Guntur/Hyderabad; flagged to verify if Ratu store is an authorized dealer or independent namesake
A33: NPK Agric | B33: NPK Agric | C33: Agricultural service | D33: Radium Rd, near Kumar Market, Kutchery, Ahirtoli, Ranchi, Jharkhand 834001 | E33: Ahirtoli | F33: 6512330766 | G33: https://maps.app.goo.gl/u5YG8VZ8hLW65QHCA | H33: Agriculture equipment, Farm implements, Agricultural tools and hand tools, Organic and bio inputs | I33: Low | J33: Direct Competitor | K33: Include | L33: No | M33: No | N33: No | O33: No | P33: Yes | Q33: No | R33: No | S33: No | T33: Yes | U33: No | V33: Narrow | W33: Yes | X33: 3.9 | Y33: 22 | Z33: Yes | AA33: Approx. 8 hrs/day; exact open-close timing not verified | AB33: https://npkagric.com | AC33: Business Website | AD33: Yes | AE33: Yes | AF33: Yes | AG33: No | AH33: Not Found | AI33: Not Found | AJ33: Not Found | AK33: https://in.linkedin.com/company/npk-agric | AL33: Not Found | AM33: Not Found | AN33: Not Found | AO33: Not Found | AP33: Not Found | AQ33: Not Found | AR33: No | AS33: Not Found | AT33: Not Found | AU33: Not Found | AV33: No | AW33: Yes | AX33: No | AY33: Agriculture solutions, irrigation systems, farm machinery, product information, company profile | AZ33: Not Found | BA33: Not Found | BB33: Not Found | BC33: 20 | BD33: Weak Competitor | BE33: Not Found | BF33: Not found
A34: Shankar Nursery | B34: Shankar Nursery | C34: Plant nursery | D34: Lowadih Rd, Bhuiyan Toli, Samlong, Ranchi, Jharkhand 834010 | E34: Bariatu | F34: 6513571372 | G34: https://maps.app.goo.gl/WyzALoiAEt96cspd6 | H34: Urban gardening products, Terrace gardening products, Grow bags, planters, potting mix, shade nets, mulch films, Organic and bio inputs | I34: Medium | J34: Direct Competitor | K34: Include | L34: No | M34: No | N34: No | O34: No | P34: No | Q34: No | R34: Yes | S34: Yes | T34: Yes | U34: Yes | V34: Medium | W34: Yes | X34: 4.1 | Y34: 171 | Z34: Yes | AA34: Approx. 8.5 hrs/day; exact open-close timing not verified | AB34: https://shankarnursery.co.in | AC34: E-Commerce Website | AD34: Yes | AE34: Yes | AF34: Yes | AG34: Yes | AH34: Not Found | AI34: Not Found | AJ34: Not Found | AK34: https://www.linkedin.com/in/shankar-nursery-0401b5371/?utm_source=chatgpt%2Ecom&originalSubdomain=in | AL34: Not Found | AM34: Not Found | AN34: Not Found | AO34: Not Found | AP34: Not Found | AQ34: Not Found | AR34: No | AS34: Not Found | AT34: Not Found | AU34: Not Found | AV34: No | AW34: Yes | AX34: Yes | AY34: Plants catalogue, gardening products, online plant sales, plant care information, company profile | AZ34: Not Found | BA34: Not Found | BB34: Not Found | BC34: 20 | BD34: Weak Competitor | BE34: Not Found | BF34: https://jsdl.in/DT-51QEZDE6BLW, https://www.indiamart.com/shankarnursery/
A35: RIYA NURSERY | B35: RIYA NURSERY | C35: Plant nursery | D35: Green residency, New, Nalanda Colony, tater tolli, Morabadi, Ranchi, Jharkhand 834009 | E35: Morabadi | F35: 9263611410 | G35: https://maps.app.goo.gl/VGWLCBn72RqPCiUx5 | H35: Urban gardening products, Terrace gardening products, Grow bags, planters, potting mix, shade nets, mulch films, Organic and bio inputs | I35: Medium | J35: Direct Competitor | K35: Include | L35: No | M35: No | N35: No | O35: No | P35: No | Q35: No | R35: Yes | S35: Yes | T35: Yes | U35: Yes | V35: Medium | W35: Yes | X35: 4.8 | Y35: 24 | Z35: Yes | AA35: Approx. 13.5 hrs/day; exact open-close timing not verified | AB35: Not Found | AC35: Not Found | AD35: Not Found | AE35: No | AF35: Yes | AG35: No | AH35: Not Found | AI35: https://www.facebook.com/riya.nursery/ | AJ35: https://www.instagram.com/riya.nursery/ | AK35: Not Found | AL35: Not Found | AM35: Not Found | AN35: Not Found | AO35: Not Found | AP35: Not Found | AQ35: Not Found | AR35: Yes | AS35: Not Found | AT35: Not Found | AU35: Not Found | AV35: No | AW35: Not Applicable | AX35: Not Applicable | AY35: Instagram active — seasonal plants, ornamental and flowering plants content, 121 posts | AZ35: Not Found | BA35: Not Found | BB35: Not Found | BC35: 35 | BD35: Weak Competitor | BE35: Not Found | BF35: https://jsdl.in/DT-51WHE3I24LJ
A36: Maa Kali Nursery | B36: Maa Kali Nursery | C36: Plant nursery | D36: Booty Rd, Nagra Toli, Ranchi, Jharkhand 834008 | E36: Booty Road | F36: 9386802002 | G36: https://maps.app.goo.gl/nzkLJ8quevJzF93M8 | H36: Urban gardening products, Terrace gardening products, Grow bags, planters, potting mix, shade nets, mulch films, Organic and bio inputs | I36: Medium | J36: Direct Competitor | K36: Include | L36: No | M36: No | N36: No | O36: No | P36: No | Q36: No | R36: Yes | S36: Yes | T36: Yes | U36: Yes | V36: Medium | W36: Yes | X36: 3.9 | Y36: 22 | Z36: Yes | AA36: Approx. 8 hrs/day; exact open-close timing not verified | AB36: Not Found | AC36: Not Found | AD36: Not Found | AE36: Yes | AF36: Yes | AG36: No | AH36: Not Found | AI36: Not Found | AJ36: Not Found | AK36: Not Found | AL36: Not Found | AM36: Not Found | AN36: Not Found | AO36: Not Found | AP36: Not Found | AQ36: Not Found | AR36: No | AS36: Not Found | AT36: Not Found | AU36: Not Found | AV36: No | AW36: Not Applicable | AX36: Not Applicable | AY36: No active content strategy identified | AZ36: Not Found | BA36: Not Found | BB36: Not Found | BC36: 25 | BD36: Weak Competitor | BE36: Not Found | BF36: https://www.indiamart.com/maa-kali-nursery, https://jsdl.in/DT-51YEMAUIU62
A37: New Jharkhand Nursary | B37: New Jharkhand Nursary | C37: Wholesale plant nursery | D37: 834002, Doranda Bazar, Resaldar Nagar, Doranda, Ranchi, Jharkhand 834002 | E37: Doranda | F37: 9162975862 | G37: https://maps.app.goo.gl/dK4pxxxJrh5HDovo8 | H37: Urban gardening products, Terrace gardening products, Grow bags, planters, potting mix, shade nets, mulch films, Organic and bio inputs | I37: Medium | J37: Direct Competitor | K37: Include | L37: No | M37: No | N37: No | O37: No | P37: No | Q37: No | R37: Yes | S37: Yes | T37: Yes | U37: Yes | V37: Medium | W37: Yes | X37: 3.5 | Y37: 11 | Z37: Yes | AA37: Approx. 12 hrs/day; exact open-close timing not verified | AB37: Not Found | AC37: Not Found | AD37: Not Found | AE37: No | AF37: Yes | AG37: No | AH37: Not Found | AI37: Not Found | AJ37: Not Found | AK37: Not Found | AL37: Not Found | AM37: Not Found | AN37: Not Found | AO37: Not Found | AP37: Not Found | AQ37: Not Found | AR37: No | AS37: Not Found | AT37: Not Found | AU37: Not Found | AV37: No | AW37: Not Applicable | AX37: Not Applicable | AY37: No active content strategy identified | AZ37: Not Found | BA37: Not Found | BB37: Not Found | BC37: 20 | BD37: Weak Competitor | BE37: Not Found | BF37: https://jsdl.in/DT-516EQA6MYUY
A38: Shalimar Sadabahar Nursery | B38: Shalimar Sadabahar Nursery | C38: Plant nursery | D38: Irba, NH-33, near Vikas Vidyalaya, Main Road, Ranchi, Jharkhand 835217 | E38: Irba | F38: 9835034676 | G38: https://maps.app.goo.gl/SQyobcKaEvW2ZjCj7 | H38: Urban gardening products, Terrace gardening products, Grow bags, planters, potting mix, shade nets, mulch films, Organic and bio inputs | I38: Medium | J38: Direct Competitor | K38: Include | L38: No | M38: No | N38: No | O38: No | P38: No | Q38: No | R38: Yes | S38: Yes | T38: Yes | U38: Yes | V38: Medium | W38: Yes | X38: 4.1 | Y38: 144 | Z38: Yes | AA38: Approx. 14 hrs/day; exact open-close timing not verified | AB38: Not Found | AC38: Not Found | AD38: Not Found | AE38: No | AF38: Yes | AG38: No | AH38: Not Found | AI38: https://www.facebook.com/Shalimarsadabaharnursery/ | AJ38: https://www.instagram.com/shalimar.nursery/ | AK38: Not Found | AL38: Not Found | AM38: Not Found | AN38: Not Found | AO38: Not Found | AP38: Not Found | AQ38: Not Found | AR38: Yes | AS38: Not Found | AT38: Not Found | AU38: Not Found | AV38: No | AW38: Not Applicable | AX38: Not Applicable | AY38: Facebook page exists; visitor-made YouTube videos suggest strong offline footfall but no owned content strategy | AZ38: Not Found | BA38: Not Found | BB38: Not Found | BC38: 40 | BD38: Moderate Competitor | BE38: Not Found | BF38: https://jsdl.in/DT-51IMI2AMQAY
A39: Nursery flower's and plants | B39: Nursery flower's and plants | C39: Plant nursery | D39: B241, Bhuiyan Toli, Samlong, Ranchi, Jharkhand 834010 | E39: Samlong | F39: 7870926946 | G39: https://maps.app.goo.gl/7ErQQNqwcxzAYtZcA | H39: Urban gardening products, Terrace gardening products, Grow bags, planters, potting mix, shade nets, mulch films, Organic and bio inputs | I39: Medium | J39: Direct Competitor | K39: Include | L39: No | M39: No | N39: No | O39: No | P39: No | Q39: No | R39: Yes | S39: Yes | T39: Yes | U39: Yes | V39: Medium | W39: Yes | X39: Not Found | Y39: Not Found | Z39: Yes | AA39: Approx. 11 hrs/day; exact open-close timing not verified | AB39: Not Found | AC39: Not Found | AD39: Not Found | AE39: No | AF39: Yes | AG39: No | AH39: Not Found | AI39: Not Found | AJ39: Not Found | AK39: Not Found | AL39: Not Found | AM39: Not Found | AN39: Not Found | AO39: Not Found | AP39: Not Found | AQ39: Not Found | AR39: No | AS39: Not Found | AT39: Not Found | AU39: Not Found | AV39: No | AW39: Not Applicable | AX39: Not Applicable | AY39: No active content strategy identified | AZ39: Not Found | BA39: Not Found | BB39: Not Found | BC39: 15 | BD39: Low Relevance | BE39: Not Found | BF39: https://jsdl.in/DT-51SFC8R7KHU
A40: Ormajhi farmer producer company limited | B40: Ormajhi farmer producer company limited | C40: Corporate office | D40: Kanke - Ormanjhi Rd, Ranchi, Hasatu, Jharkhand 835219 | E40: Hasatu | F40: 7277266120 | G40: https://maps.app.goo.gl/RxBRpVNDLUZFxcw66 | H40: Seeds, Fertilizers, Pesticides, Sprayers, Agricultural tools and hand tools, Organic and bio inputs, Accessories | I40: High | J40: Emerging Competitor | K40: Include | L40: Yes | M40: Yes | N40: Yes | O40: Yes | P40: Yes | Q40: No | R40: No | S40: No | T40: Yes | U40: Yes | V40: Broad | W40: Yes | X40: 4.9 | Y40: 31 | Z40: Yes | AA40: Approx. 8 hrs/day; exact open-close timing not verified | AB40: https://www.ormajhi-fpcl.com/ | AC40: Corporate / Business Website | AD40: Yes | AE40: No | AF40: Yes | AG40: No | AH40: Not Found | AI40: Not Found | AJ40: Not Found | AK40: Not Found | AL40: Not Found | AM40: Not Found | AN40: Not Found | AO40: Not Found | AP40: Not Found | AQ40: Not Found | AR40: No | AS40: Not Found | AT40: Not Found | AU40: Not Found | AV40: No | AW40: No | AX40: No | AY40: No active content strategy identified | AZ40: Not Found | BA40: Not Found | BB40: Not Found | BC40: 45 | BD40: Moderate Competitor | BE40: Not Found | BF40: https://jsdl.in/DT-516JAL5GDQI
A41: Uttam Krishi Bhandar, Boreya | B41: Uttam Krishi Bhandar, Boreya | C41: Store | D41: Kanke - Ormanjhi Rd, Ranchi, Jharkhand 834006 | E41: Boreya | F41: Not Found | G41: https://maps.app.goo.gl/TN5QHBr9P85qZm2n8 | H41: Seeds, Fertilizers, Pesticides, Organic and bio inputs | I41: Medium | J41: Direct Competitor | K41: Include | L41: Yes | M41: Yes | N41: Yes | O41: No | P41: No | Q41: No | R41: No | S41: No | T41: Yes | U41: No | V41: Medium | W41: Yes | X41: 4.5 | Y41: 36 | Z41: Yes | AA41: Approx. 12 hrs/day; exact open-close timing not verified | AB41: Not Found | AC41: Not Found | AD41: Not Found | AE41: No | AF41: Yes | AG41: No | AH41: Not Found | AI41: Not Found | AJ41: Not Found | AK41: Not Found | AL41: Not Found | AM41: Not Found | AN41: Not Found | AO41: Not Found | AP41: Not Found | AQ41: Not Found | AR41: Yes | AS41: Yes | AT41: Not Found | AU41: Not Found | AV41: No | AW41: Not Applicable | AX41: Not Applicable | AY41: Agricultural inputs promotion, seed and fertilizer retailing, customer enquiries, directory-based visibility | AZ41: Not Found | BA41: Not Found | BB41: Not Found | BC41: 25 | BD41: Weak Competitor | BE41: Not Found | BF41: https://jsdl.in/DT-51UUQQAME66
A42: Birsa Krishi Kendra | B42: Birsa Krishi Kendra | C42: Agricultural Seed Store | D42: Patra Toli, Namkum, Ranchi, Jharkhand 834010 | E42: Namkum | F42: 7762851543 | G42: https://maps.app.goo.gl/bezQqgWrU3n4wTMLA | H42: Seeds, Fertilizers, Pesticides, Organic and bio inputs | I42: Medium | J42: Direct Competitor | K42: Include | L42: Yes | M42: Yes | N42: Yes | O42: No | P42: No | Q42: No | R42: No | S42: No | T42: Yes | U42: No | V42: Medium | W42: Yes | X42: 4.3 | Y42: 7 | Z42: Yes | AA42: Approx. 10 hrs/day; exact open-close timing not verified | AB42: Not Found | AC42: Not Found | AD42: Not Found | AE42: Yes | AF42: Yes | AG42: No | AH42: Not Found | AI42: Not Found | AJ42: Not Found | AK42: Not Found | AL42: Not Found | AM42: Not Found | AN42: Not Found | AO42: Not Found | AP42: Not Found | AQ42: Not Found | AR42: Yes | AS42: Yes | AT42: Not Found | AU42: Not Found | AV42: No | AW42: Not Applicable | AX42: Not Applicable | AY42: Seed retailing, agricultural inputs promotion, product catalogue, customer enquiries | AZ42: Not Found | BA42: Not Found | BB42: Not Found | BC42: 25 | BD42: Weak Competitor | BE42: Not Found | BF42: https://jsdl.in/DT-512E6U2QMIE, https://www.indiamart.com/birsa-krishi-kendra
A43: Krushi Khad Beej Bhandar | B43: Krushi Khad Beej Bhandar | C43: Agricultural Seed Store | D43: CF3P+J5G, Purulia Rd, Gondilipokhar, Angara, Ranchi, Angara, Jharkhand 835103 | E43: Angara | F43: 9771943528 | G43: https://maps.app.goo.gl/VndnTa9fXKSE5uq48 | H43: Seeds, Fertilizers, Pesticides, Organic and bio inputs | I43: Medium | J43: Direct Competitor | K43: Include | L43: Yes | M43: Yes | N43: Yes | O43: No | P43: No | Q43: No | R43: No | S43: No | T43: Yes | U43: No | V43: Medium | W43: Yes | X43: 5 | Y43: 1 | Z43: Yes | AA43: Approx. 10 hrs/day; exact open-close timing not verified | AB43: Not Found | AC43: Not Found | AD43: Not Found | AE43: No | AF43: Yes | AG43: No | AH43: Not Found | AI43: Not Found | AJ43: Not Found | AK43: Not Found | AL43: Not Found | AM43: Not Found | AN43: Not Found | AO43: Not Found | AP43: Not Found | AQ43: Not Found | AR43: Yes | AS43: Not Found | AT43: Not Found | AU43: Not Found | AV43: No | AW43: Not Applicable | AX43: Not Applicable | AY43: Seeds and fertilizers promotion, agricultural inputs retailing, customer enquiries, local business visibility | AZ43: Not Found | BA43: Not Found | BB43: Not Found | BC43: 25 | BD43: Weak Competitor | BE43: Not Found | BF43: https://jsdl.in/DT-51UMIIMMYQI
A44: Jain Irrigation Systems Ltd | B44: Jain Irrigation Systems Ltd | C44: Irrigation Products / Agri Inputs | D44: Ground Floor, Sukhdev Nagar, Opp. Sudha Motors, Near OTC Ground, Ratu Road, Hehal, Ranchi, Jharkhand 834005 | E44: Hehal / Ratu Road, Ranchi | F44: 9470590437 | G44: https://maps.app.goo.gl/YAXszWZy6zdakGo69 | H44: Drip irrigation, sprinkler irrigation, HDPE pipes, PVC pipes, pipe fittings, irrigation accessories, sprayers, tools, urban gardening products, terrace gardening products, accessories | I44: High | J44: Emerging Competitor | K44: Include | L44: No | M44: No | N44: No | O44: Yes | P44: Yes | Q44: Yes | R44: Yes | S44: Yes | T44: No | U44: Yes | V44: Medium | W44: Yes | X44: Not Found | Y44: Not Found | Z44: Yes | AA44: Monday-Saturday 9:30 AM-6:30 PM; Sunday Closed | AB44: http://jains.com/ | AC44: Official Company Website | AD44: Yes | AE44: No | AF44: Yes | AG44: No | AH44: Not Found | AI44: https://www.facebook.com/JainIrrigationSystems | AJ44: https://www.instagram.com/jainirrigation_ | AK44: https://in.linkedin.com/company/jain-irrigation-systems-ltd- | AL44: Not Found | AM44: Not Found | AN44: Not Found | AO44: Not Found | AP44: Not Found | AQ44: Not Found | AR44: Not Found | AS44: Not Found | AT44: Not Found | AU44: Not Found | AV44: No | AW44: Yes | AX44: No | AY44: Strong corporate brand content with product education and farmer-focused awareness | AZ44: Local office/depot plus dealer-distributor support; likely B2B-heavy with some retail overlap | BA44: Mixed / Not enough local review data | BB44: High — national brand, irrigation technology, large product ecosystem | BC44: 60 | BD44: Strong Competitor | BE44: High corporate B2B focus leaves individual retail farmers underserved. Dharati Dhan can compete through localized trust, faster delivery, and bundled agronomy advisory. | BF44: Verification note — Justdial confirms Hehal/Ratu Road address and hours; Jain official sources confirm customer care, Ranchi office/depot contact numbers, and official website/social links. Local mobile +91 9470590437 appears on Jain network/direct office source but should be call-verified before finalizing.
A45: Sanitary Corner | B45: Sanitary Corner | C45: Sanitaryware Dealer | D45: The Westend Tower, Ratu Rd, opp. Janta Body Complex, Kumhartoli, Ranchi, Jharkhand 834005 | E45: Lah Kothi | F45: 9431103529 | G45: https://maps.app.goo.gl/hhmy24a2GRKFNiZE8 | H45: Not Applicable | I45: Not Applicable | J45: Excluded | K45: Exclude | L45: No | M45: No | N45: No | O45: No | P45: No | Q45: No | R45: No | S45: No | T45: No | U45: No | V45: Not Applicable | W45: Yes | X45: 4.1 | Y45: 48 | Z45: Yes | AA45: Mon-Sat 10:00 AM-7:30 PM; Sunday Open 24 Hrs | AB45: Not Found | AC45: Not Found | AD45: Not Found | AE45: No | AF45: Yes | AG45: Yes | AH45: Not Found | AI45: https://www.facebook.com/SanitaryCornerRanchi/ | AJ45: Not Found | AK45: Not Found | AL45: Not Found | AM45: Not Found | AN45: Not Found | AO45: Not Found | AP45: Not Found | AQ45: Not Found | AR45: Yes | AS45: Not Found | AT45: Not Found | AU45: Not Found | AV45: No | AW45: Not Applicable | AX45: Not Applicable | AY45: Sanitaryware/plumbing product visibility only; no Dharati Dhan-relevant agriculture content verified | AZ45: Not Applicable | BA45: Not Applicable | BB45: Not Applicable | BC45: 0 | BD45: Excluded | BE45: Not Applicable | BF45: Exclude — verified sanitaryware/bathroom fittings/pumps/plumbing pipes/water tanks outlet; no agricultural drip/sprinkler irrigation, seeds, fertilizers, pesticides, sprayers, tools, urban gardening, terrace farming, or organic/bio-input overlap verified. Building-plumbing pipes are not treated as Dharati Dhan agri-irrigation overlap.
A46: Pandey Hybrid Seeds | B46: Pandey Hybrid Seeds | C46: Agricultural Seed Store | D46: Shop No. 2, Sakti Tower, Hehal, opp. Bank Of India, Pandra, Ranchi, Jharkhand 834005 | E46: Sakti Tower | F46: 9006079620 | G46: https://maps.app.goo.gl/CjVH7YoHAFu1Dj576 | H46: Seeds, Fertilizers, Pesticides, herbicides, fungicides, crop protection products, Organic and bio inputs, Sprayers | I46: High | J46: Direct Competitor | K46: Include | L46: Yes | M46: Yes | N46: Yes | O46: Yes | P46: No | Q46: No | R46: No | S46: No | T46: Yes | U46: No | V46: Medium | W46: Yes | X46: 5 | Y46: 4 | Z46: Yes | AA46: Approx. 10 hrs/day; exact open-close timing not verified | AB46: Not Found | AC46: Not Found | AD46: Not Found | AE46: Yes | AF46: Yes | AG46: No | AH46: Not Found | AI46: Not Found | AJ46: Not Found | AK46: Not Found | AL46: Not Found | AM46: Not Found | AN46: Not Found | AO46: Not Found | AP46: Not Found | AQ46: Not Found | AR46: Yes | AS46: Not Found | AT46: Not Found | AU46: Not Found | AV46: No | AW46: Not Applicable | AX46: Not Applicable | AY46: Hybrid seeds promotion, agricultural inputs retailing, customer enquiries, local business visibility | AZ46: Not Found | BA46: Not Found | BB46: Not Found | BC46: 35 | BD46: Weak Competitor | BE46: Not Found | BF46: https://jsdl.in/DT-515R79FF, https://www.indiamart.com/pandey-hybrid-seeds
A47: Raj Seeds | B47: Raj Seeds | C47: Agricultural Seed Store | D47: Shop No 4, BOI Shakti Tower, Hehal, Pandra, Ranchi, Jharkhand 834005 | E47: Pandra | F47: 7870153026 | G47: https://maps.app.goo.gl/EsKDRFo8ATAyZBqZ6 | H47: Seeds, Fertilizers, Pesticides, Sprayers, Irrigation products: drip, sprinkler, pipes, fittings, accessories, Organic and bio inputs | I47: High | J47: Direct Competitor | K47: Include | L47: Yes | M47: Yes | N47: Yes | O47: Yes | P47: No | Q47: Yes | R47: No | S47: No | T47: Yes | U47: No | V47: Medium | W47: Yes | X47: 5 | Y47: 3 | Z47: Yes | AA47: Approx. 10 hrs/day; exact open-close timing not verified | AB47: Not Found | AC47: Not Found | AD47: Not Found | AE47: Yes | AF47: Yes | AG47: No | AH47: Not Found | AI47: Not Found | AJ47: Not Found | AK47: Not Found | AL47: Not Found | AM47: Not Found | AN47: Not Found | AO47: Not Found | AP47: Not Found | AQ47: Not Found | AR47: Yes | AS47: Not Found | AT47: Not Found | AU47: Not Found | AV47: No | AW47: Not Applicable | AX47: Not Applicable | AY47: Seeds retailing, agricultural inputs promotion, customer enquiries, local business visibility | AZ47: Not Found | BA47: Not Found | BB47: Not Found | BC47: 45 | BD47: Moderate Competitor | BE47: Not Found | BF47: https://jsdl.in/DT-51NX9FW3, https://www.indiamart.com/raj-seeds-ranchi/
A48: Kishan Ghar | B48: Kishan Ghar | C48: Agricultural Seed Store | D48: 1, Pandra Rd, Panchsheel Colony, Ranchi, Jharkhand 834005 | E48: Pandra | F48: 9162049609 | G48: https://maps.app.goo.gl/rbUHaxPxe6k4Rh7n6 | H48: Seeds, Fertilizers, Pesticides, herbicides, fungicides, crop protection products, Sprayers, Organic and bio inputs | I48: High | J48: Direct Competitor | K48: Include | L48: Yes | M48: Yes | N48: Yes | O48: Yes | P48: No | Q48: No | R48: No | S48: No | T48: Yes | U48: No | V48: Medium | W48: Yes | X48: 3.2 | Y48: 6 | Z48: Yes | AA48: Approx. 10 hrs/day; exact open-close timing not verified | AB48: Not Found | AC48: Not Found | AD48: Not Found | AE48: Yes | AF48: Yes | AG48: No | AH48: Not Found | AI48: Not Found | AJ48: Not Found | AK48: Not Found | AL48: Not Found | AM48: Not Found | AN48: Not Found | AO48: Not Found | AP48: Not Found | AQ48: Not Found | AR48: Yes | AS48: Not Found | AT48: Not Found | AU48: Not Found | AV48: No | AW48: Not Applicable | AX48: Not Applicable | AY48: Agricultural inputs retailing, seeds and fertilizers promotion, customer enquiries, local business visibility | AZ48: Not Found | BA48: Not Found | BB48: Not Found | BC48: 35 | BD48: Weak Competitor | BE48: Not Found | BF48: https://jsdl.in/DT-51IA2IAYQ6E, https://www.indiamart.com/kissan-ghar
A49: The Flower Kingdom Trading Co. | B49: The Flower Kingdom Trading Co. | C49: Seed Wholesaler | D49: Bariatu road, near DAV NANDRAJ SCHOOL, PANI TANKI, BOOTY MORE, Ranchi, Jharkhand 834012 | E49: Bariatu | F49: 8409052951 | G49: https://maps.app.goo.gl/QYR3vJTzsihaacR96 | H49: Seeds, Organic and bio inputs | I49: Low | J49: Direct Competitor | K49: Include | L49: Yes | M49: No | N49: No | O49: No | P49: No | Q49: No | R49: No | S49: No | T49: Yes | U49: No | V49: Narrow | W49: Yes | X49: 5 | Y49: 6 | Z49: Yes | AA49: Open 24 hours / exact schedule not verified | AB49: https://theflowerkingdom.in/ | AC49: Product Catalogue / Enquiry-Based Website | AD49: Yes | AE49: Yes | AF49: Yes | AG49: No | AH49: Not Found | AI49: https://www.facebook.com/p/The-Flower-Kingdom-Trading-Co-100064710490240/ | AJ49: https://www.instagram.com/theflowerkingdomranchi/ | AK49: Not Found | AL49: Not Found | AM49: Not Found | AN49: Not Found | AO49: Not Found | AP49: Not Found | AQ49: Not Found | AR49: Yes | AS49: Not Found | AT49: Not Found | AU49: Not Found | AV49: No | AW49: Yes | AX49: No | AY49: Flower plants, ornamental plants, landscaping services, gardening products, plant nursery promotion, customer engagement through social media | AZ49: Not Found | BA49: Not Found | BB49: Not Found | BC49: 20 | BD49: Weak Competitor | BE49: Not Found | BF49: https://jsdl.in/DT-51MA3UHLPT2, https://www.indiamart.com/the-flower-kingdom-trading-co/
BD50: =IF(A50="", "", IFS(K50="Exclude", "Excluded", BC50>=80, "High-threat / Benchmark Competitor", BC50>=60, "Strong Competitor", BC50>=40, "Moderate Competitor", BC50>=20, "Weak Competitor", BC50<20, "Low Relevance"))
BD51: =IF(A51="", "", IFS(K51="Exclude", "Excluded", BC51>=80, "High-threat / Benchmark Competitor", BC51>=60, "Strong Competitor", BC51>=40, "Moderate Competitor", BC51>=20, "Weak Competitor", BC51<20, "Low Relevance"))
BD52: =IF(A52="", "", IFS(K52="Exclude", "Excluded", BC52>=80, "High-threat / Benchmark Competitor", BC52>=60, "Strong Competitor", BC52>=40, "Moderate Competitor", BC52>=20, "Weak Competitor", BC52<20, "Low Relevance"))
BD53: =IF(A53="", "", IFS(K53="Exclude", "Excluded", BC53>=80, "High-threat / Benchmark Competitor", BC53>=60, "Strong Competitor", BC53>=40, "Moderate Competitor", BC53>=20, "Weak Competitor", BC53<20, "Low Relevance"))
BD54: =IF(A54="", "", IFS(K54="Exclude", "Excluded", BC54>=80, "High-threat / Benchmark Competitor", BC54>=60, "Strong Competitor", BC54>=40, "Moderate Competitor", BC54>=20, "Weak Competitor", BC54<20, "Low Relevance"))
BD55: =IF(A55="", "", IFS(K55="Exclude", "Excluded", BC55>=80, "High-threat / Benchmark Competitor", BC55>=60, "Strong Competitor", BC55>=40, "Moderate Competitor", BC55>=20, "Weak Competitor", BC55<20, "Low Relevance"))
BD56: =IF(A56="", "", IFS(K56="Exclude", "Excluded", BC56>=80, "High-threat / Benchmark Competitor", BC56>=60, "Strong Competitor", BC56>=40, "Moderate Competitor", BC56>=20, "Weak Competitor", BC56<20, "Low Relevance"))
BD57: =IF(A57="", "", IFS(K57="Exclude", "Excluded", BC57>=80, "High-threat / Benchmark Competitor", BC57>=60, "Strong Competitor", BC57>=40, "Moderate Competitor", BC57>=20, "Weak Competitor", BC57<20, "Low Relevance"))
BD58: =IF(A58="", "", IFS(K58="Exclude", "Excluded", BC58>=80, "High-threat / Benchmark Competitor", BC58>=60, "Strong Competitor", BC58>=40, "Moderate Competitor", BC58>=20, "Weak Competitor", BC58<20, "Low Relevance"))
BD59: =IF(A59="", "", IFS(K59="Exclude", "Excluded", BC59>=80, "High-threat / Benchmark Competitor", BC59>=60, "Strong Competitor", BC59>=40, "Moderate Competitor", BC59>=20, "Weak Competitor", BC59<20, "Low Relevance"))
BD60: =IF(A60="", "", IFS(K60="Exclude", "Excluded", BC60>=80, "High-threat / Benchmark Competitor", BC60>=60, "Strong Competitor", BC60>=40, "Moderate Competitor", BC60>=20, "Weak Competitor", BC60<20, "Low Relevance"))
BD61: =IF(A61="", "", IFS(K61="Exclude", "Excluded", BC61>=80, "High-threat / Benchmark Competitor", BC61>=60, "Strong Competitor", BC61>=40, "Moderate Competitor", BC61>=20, "Weak Competitor", BC61<20, "Low Relevance"))
... BD99: =IF(A99="", "", IFS(K99="Exclude", "Excluded", BC99>=80, "High-threat / Benchmark Competitor", BC99>=60, "Strong Competitor", BC99>=40, "Moderate Competitor", BC99>=20, "Weak Competitor", BC99<20, "Low Relevance"))

Sheet Project Tracker
A1: Competitor Name | B1: Assigned To | C1: Discovered | D1: Relevance Screened | E1: Data Collected | F1: Verified | G1: Scored | H1: Ready for Report | I1: Comments
A2: Priya Agrico | B2: Aayushi - Discovery | C2: Yes | D2: Yes | E2: Yes | F2: Yes | G2: Yes | H2: No | I2: Data and QA completed; pending final dashboard and report integration.
A3: Agro Vision | B3: Anirudhra - Platform Data | C3: Yes | D3: Yes | E3: Yes | F3: Yes | G3: Yes | H3: No | I3: Data and QA completed; pending final dashboard and report integration.
A4: Perfect Agro Solutions | B4: Aayushi - Discovery | C4: Yes | D4: Yes | E4: Yes | F4: Yes | G4: Yes | H4: No | I4: Data and QA completed; pending final dashboard and report integration.
A5: Dharti Dhan Agri Polyclinic | B5: Anirudhra - Platform Data | C5: Yes | D5: Yes | E5: Yes | F5: Yes | G5: Yes | H5: No | I5: Data and QA completed; pending final dashboard and report integration.
A6: New Holland - Ritesh Agro | B6: Vinayak - QA and Exclusion Review | C6: Yes | D6: Yes | E6: Yes | F6: Yes | G6: Yes | H6: No | I6: Archived after QA; tractor-only dealer with no verified Dharati Dhan-relevant product overlap.
A7: Jharkhand Agri Centre | B7: Aayushi - Discovery | C7: Yes | D7: Yes | E7: Yes | F7: Yes | G7: Yes | H7: No | I7: Data and QA completed; pending final dashboard and report integration.
A8: Neha Tractors | B8: Dipannita - Digital Analysis | C8: Yes | D8: Yes | E8: Yes | F8: Yes | G8: Yes | H8: No | I8: Digital and social visibility reviewed; pending final dashboard and report integration.
A9: Hi Tech Tractor | B9: Dipannita - Digital Analysis | C9: Yes | D9: Yes | E9: Yes | F9: Yes | G9: Yes | H9: No | I9: Digital and social visibility reviewed; pending final dashboard and report integration.
A10: Mahindra Tractors - The Republic Pvt Ltd | B10: Dipannita - Website and E-commerce Review | C10: Yes | D10: Yes | E10: Yes | F10: Yes | G10: Yes | H10: No | I10: Official dealer page verified; pending final dashboard and report integration.
A11: M.B. Pumps & Machinery | B11: Anirudhra - Platform Data | C11: Yes | D11: Yes | E11: Yes | F11: Yes | G11: Yes | H11: No | I11: Platform data and irrigation overlap reviewed; pending final dashboard and report integration.
A12: Kv Sales & Marketing Pvt Ltd | B12: Aayushi - Discovery | C12: Yes | D12: Yes | E12: Yes | F12: Partially | G12: Yes | H12: No | I12: Hold for Review; operational status could not be independently verified; Justdial listing is marked Closed Down.
... A49: The Flower Kingdom Trading Co. | B49: Dipannita - Digital and Social Review | C49: Yes | D49: Yes | E49: Yes | F49: Yes | G49: Yes | H49: No | I49: Website and social visibility reviewed; pending final dashboard and report integration.

Sheet Daily Reporting
A1: Date | B1: Intern Name | C1: Task Assigned | D1: Work Completed | E1: Competitors Researched | F1: Source Links Added | G1: Issues Faced | H1: Entries Marked Hold for Review | I1: Support Needed | J1: Plan for Tomorrow
A2: 46182 | B2: Shravan | C2: Dharati Master Excel file update and internship project progress review | D2: Completed Dharati Master Excel file and reviewed internship project progress | E2: N/A | F2: No | G2: None | H2: 15 | I2: None | J2: Continue project updates and assigned tasks tomorrow
A3: 46182 | B3: Aayushi | C3: Competitor Discovery, Basic Detail Verification, and Source Sourcing | D3: Discovered, verified, and successfully migrated 27 agricultural and urban gardening competitors straight into the team's shared master Google Sheet | E3: 27 | F3: Yes | G3: None | I3: None | J3: Scale up keyword execution across secondary and peripheral Ranchi corridors (including Kanke, Ormanjhi, and Namkum nodes) to systematically expand the market matrix map
A4: 46182 | B4: Vinayak | C4: Dharati Master Excel file and verification | D4: verified some rows of information | E4: N/A | F4: No | G4: None | I4: None | J4: Next Rows for verification and Holdup
A5: 46182 | B5: Anirudhra | C5: Platform Data Collection Lead (Google, IndiaMART, Justdial, YouTube) | D5: Collected and analyzed some competitor data across Google, IndiaMART, Justdial, and YouTube. | E5: 8 | F5: No | G5: None | I5: None | J5: continue the data collection and analyzation process.
A6: 46182 | B6: Dipannita | C6: Digital presence and e-commerce audit of competitors | D6: Reviewed master sheet, understood column responsibilities | E6: 4 | F6: Yes | G6: None | I6: None | J6: Continue the auditing process
A7: 46182 | B7: Saloni | C7: Reviewed master sheet for competitor's list and classify them into groups and done product portfolio comparison | D7: Reviewed master sheet for competitor's list and classify them into groups and done product portfolio comparison | E7: 5 | F7: No | G7: None | I7: None | J7: Continue Product portfolio finding analysis and identifying unique records
A8: 46183 | B8: Vinayak | C8: QA Automation, Cross-Sheet Framework Synchronization, and Executive Dashboard Deployment | D8: Achieved absolute zero in the backlog by auditing and finalizing decisions for 16 complex entries. Fully synchronized the Master Matrix, Project Tracker, and Hold Sheet to eliminate desynchronizations. Deployed a 0–100 threat-scoring model across all 37 mapped lines and built the automated, dynamically bound "Threat Summary" executive tab using localized COUNTIF logic
A9: 46183 | B9: Aayushi | C9: Competitor Discovery, Basic Detail Verification, and Source Sourcing | D9: Discovered, verified, and successfully migrated 10 agricultural and urban gardening competitors straight into the team's shared master Google Sheet | E9: 10 | F9: Yes | G9: None | I9: None
A10: 46183 | B10: Saloni | C10: Product Portfolio, Service Model and Innovation Opportunity Analysis. | D10: Create a Competitor Research Sheet and working product portfolio
A11: 46183 | B11: Shravan | C11: Project coordination, tracker management, competitor consolidation, team follow-up and QA coordination | D11: Updated Project Tracker, maintained Master Competitor Matrix, coordinated with Aayushi, Anirudhra, Saloni, Dipannita and Vinayak, reviewed competitor classifications, verified Hold Sheet status, assigned mandatory columns to team members and consolidated progress updates | E11: 35+ | F11: Yes | G11: None | H11: 13 | I11: Final QA decisions from Vinayak and completion updates from remaining team members | J11: Synchronize Hold Sheet with QA decisions, monitor platform data collection, review digital presence data, prepare competitor classification summary and continue project consolidation
A12: 46183 | B12: Dipannita | C12: Digital presence and e-commerce audit of competitors | D12: Reviewed master sheet, understood column responsibilities | E12: 2 | F12: No | G12: None | H12: None | I12: None | J12: Continue the auditing process
A13: 46183 | B13: Anirudhra | C13: Platform Data Collection Lead (Google, IndiaMART, Justdial, YouTube) | D13: Collected and analyzed 10 competitor data across Google, IndiaMART, Justdial, and YouTube. | E13: 10 | F13: yes | G13: None | I13: None | J13: continue the data collection and analyzation process.
A14: 46184 | B14: Dipannita | C14: Digital presence and e-commerce audit of competitors | D14: Researched competitors digital presence and filled data in sheet | E14: 6 | F14: Yes | G14: None | H14: None | I14: None | J14: Continue the auditing process
A15: 46184 | B15: Vinayak | C15: Peripheral Market Integration & Dashboard Scaling | D15: QA audited new Namkum/Pandra batch (Rows 41-50). Corrected formatting errors to prevent formula breakage. Cleared 3 complex Holds (included FPO and corporate depot; excluded sanitary dealer). Expanded dashboard arrays to evaluate 100+ rows, successfully capturing the new matrix data. | E15: 10 | F15: Yes | G15: None | H15: 0 | I15: None | J15: Monitor final digital presence scraping efforts and prepare final Threat Matrix charts for Phase 5 reporting.
A16: 46184 | B16: Aayushi | C16: Competitor Discovery, Basic Detail Verification, and Source Sourcing | D16: Discovered, verified, and successfully migrated 10 agricultural and urban gardening competitors straight into the team's shared master Google Sheet | E16: 10 | F16: Yes | G16: None | I16: None
A17: 46184 | B17: Shravan | C17: Project Execution, Team Coordination, Tracker Management, QA Coordination, Progress Monitoring | D17: Coordinated with all interns, reviewed Master Competitor Matrix, Project Tracker and Hold Sheet, collected progress updates, verified role-wise deliverables, reviewed Vinayak QA framework, reviewed Saloni analysis sheets, followed up on compulsory columns, monitored project execution and documentation progress | E17: 49 | F17: No | G17: None | H17: None | I17: None | J17: Review updated Master Matrix, verify compulsory columns completion, coordinate remaining data collection, start scoring and threat classification review, and prepare project progress summary
A18: 46184 | B18: Anirudhra | C18: Perform Data Collection (Google, IndiaMART,Justdial,YouTube) | D18: Collected and analyzed 32 competitor data across Google, IndiaMART, Justdial, and YouTube. | E18: 32 | F18: yes | G18: None | I18: None
A19: 46184 | B19: Saloni | C19: Product Portfolio, Service Model and Innovation Opportunity Analysis. | D19: Reviewed master sheet for competitor's list and created excel sheet for Product Portfolio Analysis,Service Model Analysis,product gap analysis,Innovation Opportunity Matrix. | E19: 10 | F19: No | G19: None | I19: None | J19: Continue updating excel sheet with remaining competitor list for updating Final Master Competitor Matrix.
A20: 46185 | B20: Vinayak | C20: Matrix Sanitization & Executive Dashboard Corrections | D20: Resolved critical data entry errors (typos and blanks) causing dashboard mathematical overlaps. Upgraded the Threat Engine classification to the 5-Tier Executive Methodology and completely standardized the Hold Sheet taxonomy. | E20: 49 | F20: No | G20: Intern data entry errors in Status Column (Resolved) | H20: 0 | I20: None | J20: Monitor Phase 5 Data Collection and Prepare Final Threat Report
A21: 46185 | B21: Aayushi | C21: Finalize Competitor Type classification | D21: Classified all entries serial-wise using Direct, Indirect, Emerging, and Low Relevance filters. | F21: No
A22: 46185 | B22: Shravan | C22: Project Execution, Team Coordination, Master Tracker Management, Daily Progress Monitoring, QA Coordination and Report Consolidation | D22: Coordinated with all team members, reviewed Master Competitor Matrix, Project Tracker and Hold for Review Sheet, collected progress updates from all interns, verified role-wise task completion, reviewed Vinayak's QA framework and methodology, reviewed Saloni's analysis sheets, followed up on compulsory columns, monitored project execution and documented overall project progress | E22: Project-wide review of 50 competitors currently in the Master Matrix | F22: Reviewed source-link completion and verification status across all team members | G22: None | H22: None | I22: None | J22: Review updated Master Matrix, verify completion of all compulsory columns, coordinate remaining data collection, start competitor scoring and threat classification review, prepare consolidated project progress summary and continue planning for the final report
A23: 46185 | B23: Saloni | C23: Product Portfolio, Service Model and Innovation Opportunity Analysis. | D23: Reviewed master sheet for competitor's list and created excel sheet for Product Portfolio Analysis,Service Model Analysis,product gap analysis,Innovation Opportunity Matrix also created master competitor matrix sheet | E23: 40 | G23: None | H23: None | I23: None | J23: Continue updating excel sheet with remaining competitor list for updating Final Master Competitor Matrix.
A24: 46185 | B24: Dipannita | C24: Digital presence and e-commerce audit of competitors | D24: Researched competitors digital presence and filled data in sheet | E24: 10 | F24: No | G24: None | H24: None | I24: None | J24: Prepare final report documenting the findings, insights and results
A25: 46185 | B25: Anirudhra | C25: checked which competitors data is missing, which columns were affected | D25: successfully checked missing competitor's data and columns that are affected. | E25: 46315 | F25: No | G25: None | I25: None
A26: 46186 | B26: Anirudhra | C26: checked all the compulsory columns which are assigned to me. | D26: successfully checked all the columns which are assigned. | F26: No | G26: None | I26: None
A27: 46186 | B27: Shravan | C27: Project Execution, Team Coordination, Progress Monitoring, QA Review, Report Coordination and Master Tracker Management | D27: Coordinated with all team members and reviewed their progress. Verified Vinayak's QA framework and Hold for Review updates, reviewed Dipannita's Digital Presence & E-commerce report, reviewed Anirudhra's Platform Data Collection report, reviewed Saloni's Product Portfolio and Innovation analysis, followed up on pending columns and daily reporting updates, identified remaining gaps in the Master Matrix, and coordinated final corrections before report preparation. | E27: Project-wide review of all competitors currently present in the Master Matrix | F27: No | G27: None | I27: None | J27: Verify all pending updates, complete final Master Matrix review, coordinate dashboard preparation after data freeze, begin consolidation of findings, and prepare final report structure for Dharati Dhan
A28: 46186 | B28: Vinayak | C28: Final Database Sanitization, Hold Row Re-alignment, Dashboard Expansion, and Governance Ledger Compilation | D28: Conducted final forensic audit of 48 records. Purged Swastik Seeds duplicate (Row 27). Corrected target shift on Hold Sheet to reinstate Ormajhi FPO (Row 17) and exclude duplicate (Row 18). Upgraded Threat Summary dashboard to an elite 5-column layout. Compiled the Operational Governance & QA Master Ledger and set Project Tracker workflow states to 100% complete. | E28: 48 | F28: Yes | G28: Hold Sheet row-indexing shift (Fully Resolved) | H28: 0 | I28: None | J28: Formally hand over the certified, production-ready master matrix and ledger to Shravan for final deck compilation.
A29: 46186 | B29: Saloni | C29: Product Portfolio, Service Model and Innovation Opportunity Analysis. | D29: created excel sheet for Product Portfolio Analysis,Service Model Analysis,product gap analysis,Innovation Opportunity Matrix also created master competitor matrix sheet | E29: 40 | F29: no | G29: None | I29: None | J29: Continue updating excel sheet with remaining competitor list for updating Final Master Competitor Matrix and working on Product Overlaping
A30: 46188 | B30: Vinayak | C30: Final Data Handover, Executive Presentation Support, and System Monitoring | D30: Enforced final QA override on N.B. Enterprises to protect dashboard math. Formally handed over the locked, production-ready Master Matrix to Shravan and provided data support for the final executive slide deck compilation. | E30: N/A | F30: No | G30: None - Dashboard is mathematically stable. | H30: 0 | I30: None | J30: Assist Shravan with any final data visualizations for the presentation deck and prepare for project closure.
A31: 46188 | B31: Saloni | C31: Product Portfolio, Service Model and Innovation Opportunity Analysis. | D31: Working on final master competitor matrix sheet with remaining some entries of competitors and analysing product overlapping | E31: 43 | G31: None | I31: None | J31: Continue updating excel sheet with remaining competitor list for updating Final Master Competitor Matrix and working on Product Overlaping
A32: 46188 | B32: Shravan | C32: Project Execution, Team Coordination, Progress Monitoring, QA Validation, Dashboard Review and Report Preparation | D32: Reviewed progress across assigned tasks, verified completed updates, checked dashboard and analysis outputs, coordinated with team members regarding pending work, reviewed reporting status, monitored project progress, and supported final review activities before submission. | E32: Project-wide review of all competitors currently present in the Master Matrix | F32: No | G32: None
A33: 46188 | B33: Anirudhra | C33: Analyze work completed till now, current progress, any challenges or support required. | D33: Successfully Analyzed my work on till , daily report. | E33: N/A | F33: No | G33: None | I33: None
A34: 46188 | B34: Dipannita | C34: Digital presence and e-commerce audit of competitors | D34: Successfully completed researching all competitors and preparing report | E34: N/A | F34: No | G34: None | H34: None | I34: None | J34: Master Competitor Matrix has been completed and we are currently waiting for Sir's review before proceeding to the next phase
A35: 46189 | B35: Vinayak | C35: Final Dashboard Automation and Pre-Submission Lock | D35: Applied dynamic formulas to the Threat Summary dashboard, formatted percentages, and verified the data. | E35: N/A | F35: No | G35: None | H35: 0 | I35: None | J35: Project phase complete.
A36: 46189 | B36: Shravan | C36: Project Execution, Team Coordination, Progress Monitoring, QA Validation, Dashboard Review and Report Preparation | D36: Reviewed progress across assigned tasks, verified completed updates, checked dashboard and analysis outputs, coordinated with team members regarding pending work, reviewed reporting status, monitored project progress, and supported final review activities before submission. | E36: Project-wide review of all competitors currently present in the Master Matrix | F36: No | G36: None
A37: 46189 | B37: Aayushi | C37: Review, verify, and cross-check the restructured Excel competitor | D37: Checked the whole Excel sheet to ensure no information is missing, everything is in the right place, and all details are accurate | F37: No | G37: None
A38: 46189 | B38: Saloni | C38: Product Portfolio, Service Model and Innovation Opportunity Analysis | D38: Working on final master competitor matrix sheet with remaining some entries of competitors and analysing product overlapping | G38: None | I38: None
A39: 46189 | B39: Anirudhra | C39: To ensure all columns are correctly formatted, no values are missing, and the data is accurate and aligned with the original sheet. | D39: successfully Checked all columns, No missing values found. | E39: N/A | F39: No | G39: None | I39: None
A40: 46189 | B40: Dipannita | C40: Digital presence and e-commerce audit of competitors | D40: Successfully completed researching all competitors and preparing report | E40: N/A | F40: No | G40: None | H40: None | I40: None | J40: Master Competitor Matrix has been completed and we are currently waiting for Sir's review before proceeding to the next phase
A41: 46190 | B41: Shravan | C41: Coordinated the transition to dashboard development, finalized team task allocation, and planned AI-enabled dashboard integration. | D41: Planned the dashboard development phase, finalized team task allocation, and coordinated the next implementation workflow. | E41: N/A | F41: No | G41: None | H41: None | I41: None | J41: Review team dashboard inputs, consolidate findings, and prepare the final Power BI dashboard structure.
A42: 46190 | B42: Anirudhra | C42: Attended the Meeting , new task is to understand the existing data and convert it into insights, create a dashboard focusing on Product Category & Opportunity Gap. | D42: Analyzed the sample Sheet, understood the existing data and convert it into insights. | E42: N/A | F42: No | G42: None | I42: None | J42: continue the process
A43: 46190 | B43: Vinayak | C43: Customer Trust, QA & Key Findings Dashboard Blueprint Creation | D43: Successfully created the 7-sheet dashboard input framework as per Shravan's guidelines. Built the Customer Trust & QA data dictionary, summarized exact metrics (48 total, 44 active threats), documented 4 key strategic findings (e.g., The Trust Illusion, The Digital Void), and constructed a presentation-ready Mini Dashboard mockup with recommended Power BI visual parameters. | E43: N/A (Strictly utilized finalized Master Matrix) | F43: No | G43: None - Dashboard successfully mapped to the finalized dataset. | H43: 0 | I43: None | J43: Coordinate with Shravan to integrate the Customer Trust & QA visual modules into the final Power BI dashboard and review cross-team insights.
A44: 46191 | B44: Anirudhra | C44: working on existing data and convert it into insights, finding insights for create a dashboard focusing on Product Category & Opportunity Gap. | D44: working on excel sheets finding insights, best visuals | E44: N/A | F44: No | G44: None | I44: None

Sheet Hold for Review
A1: Competitor Name | B1: Reason for Hold | C1: Assigned By | D1: Review Status | E1: Final Decision | F1: Comments
A2: kisan Mitro Enterprises | B2: Relevant agriculture equipment, sprayers, tools, accessories, website, IndiaMART, and Justdial presence appear in the matrix, but product range and active customer-facing relevance are not fully verified yet. | C2: Shravan | D2: Pending Manual Verification | E2: Hold for Review | F2: Needs final phone/website/listing verification before marking as fully included competitor. Do not use as final benchmark competitor until verified.
A3: KV Sales & Marketing Pvt Ltd | B3: Business exists but operational status could not be independently verified; Justdial lists the outlet as "Closed Down". | C3: Shravan | D3: Pending Review | E3: Hold for Review | F3: Verify current business activity through phone call, Google Maps updates, or field verification before final inclusion.

Sheet Summary
A1: Threat Classification | B1: Competitor Count | C1: % of Active Competitor Market | E1: Audit Metric | F1: Count | G1: % of Total Records | H1: Notes
A2: High-Threat / Benchmark | B2: =COUNTIFS('Master Competitor Matrix'!K:K, "Include", 'Master Competitor Matrix'!BD:BD, A2) -> 0 | C2: =IF($B$7=0, 0, B2/$B$7) -> 0 | E2: Total Records Audited | F2: 48 | G2: 1 | H2: Full Master Competitor Matrix
A3: Strong Competitor | B3: =COUNTIFS('Master Competitor Matrix'!K:K, "Include", 'Master Competitor Matrix'!BD:BD, A3) -> 2 | C3: =IF($B$7=0, 0, B3/$B$7) -> 0.045454545 | E3: Active Competitors | F3: 44 | G3: 0.9167 | H3: Included competitors used for active market-front summary
A4: Moderate Competitor | B4: =COUNTIFS('Master Competitor Matrix'!K:K, "Include", 'Master Competitor Matrix'!BD:BD, A4) -> 11 | C4: =IF($B$7=0, 0, B4/$B$7) -> 0.25 | E4: Hold for Review | F4: 2 | G4: 0.0417 | H4: Kisan Mitro Enterprises; KV Sales & Marketing Pvt Ltd
A5: Weak Competitor | B5: =COUNTIFS('Master Competitor Matrix'!K:K, "Include", 'Master Competitor Matrix'!BD:BD, A5) -> 26 | C5: =IF($B$7=0, 0, B5/$B$7) -> 0.59090909 | E5: Excluded / Archived | F5: 2 | G5: 0.0417 | H5: New Holland - Ritesh Agro and Sanitary Corner
A6: Low Relevance | B6: =COUNTIFS('Master Competitor Matrix'!K:K, "Include", 'Master Competitor Matrix'!BD:BD, A6) -> 5 | C6: =IF($B$7=0, 0, B6/$B$7) -> 0.11363636
A7: Total Active Competitors | B7: =COUNTIF('Master Competitor Matrix'!K:K, "Include") -> 44 | C7: =IF($B$7=0, 0, B7/$B$7) -> 1
